#node	clock_length	mutation_length	rate	fold_change
NODE_0000721	7.786e-05	1.675e-04	9.678e-04	1.50
EPI_ISL_790628	1.104e-04	6.716e-05	7.725e-04	1.20
NODE_0000722	2.408e-05	3.350e-05	6.826e-04	1.06
EPI_ISL_804381	1.022e-04	1.343e-04	9.742e-04	1.51
EPI_ISL_422630	8.810e-05	1.008e-04	9.021e-04	1.40
EPI_ISL_461186	1.392e-04	1.008e-04	7.055e-04	1.09
EPI_ISL_461276	1.392e-04	1.679e-04	9.591e-04	1.49
EPI_ISL_461165	1.022e-04	1.681e-04	1.056e-03	1.64
NODE_0000738	1.064e-04	3.350e-05	6.733e-04	1.04
EPI_ISL_461087	4.866e-05	6.716e-05	6.084e-04	0.94
EPI_ISL_461183	2.752e-05	6.716e-05	7.165e-04	1.11
NODE_0000723	2.170e-05	3.350e-05	7.069e-04	1.10
EPI_ISL_447629	1.175e-04	6.716e-05	5.848e-04	0.91
NODE_0000724	4.465e-05	6.702e-05	8.025e-04	1.24
EPI_ISL_447630	7.285e-05	2.275e-18	1.555e-04	0.24
NODE_0000725	4.464e-05	6.701e-05	8.031e-04	1.25
EPI_ISL_523075	2.468e-05	3.360e-05	6.238e-04	0.97
NODE_0000726	1.927e-06	6.701e-05	7.914e-04	1.23
EPI_ISL_447632	2.452e-05	3.358e-05	7.048e-04	1.09
EPI_ISL_447627	2.628e-05	6.715e-05	8.139e-04	1.26
EPI_ISL_447631	1.923e-05	1.007e-04	8.381e-04	1.30
NODE_0000008	2.276e-05	2.970e-22	5.611e-04	0.87
EPI_ISL_447628	3.524e-06	2.643e-22	5.840e-04	0.91
EPI_ISL_523070	0.000e+00	2.643e-22	6.139e-04	0.95
NODE_0000010	7.964e-06	2.968e-22	6.155e-04	0.95
EPI_ISL_460852	1.030e-04	6.716e-05	7.166e-04	1.11
NODE_0000013	7.534e-06	2.968e-22	6.447e-04	1.00
EPI_ISL_422749	6.203e-05	3.360e-05	7.029e-04	1.09
NODE_0000014	7.689e-06	2.968e-22	6.442e-04	1.00
EPI_ISL_422746	5.434e-05	3.358e-05	7.063e-04	1.10
NODE_0000015	6.957e-06	2.968e-22	6.447e-04	1.00
EPI_ISL_461159	4.915e-05	3.358e-05	7.020e-04	1.09
NODE_0000022	6.177e-06	2.968e-22	6.304e-04	0.98
EPI_ISL_460792	5.002e-05	3.358e-05	6.959e-04	1.08
NODE_0000023	6.341e-06	2.968e-22	6.430e-04	1.00
EPI_ISL_461288	4.896e-05	3.361e-05	6.810e-04	1.06
NODE_0000026	6.090e-06	2.968e-22	6.448e-04	1.00
EPI_ISL_2708996	4.816e-05	3.369e-05	6.532e-04	1.01
NODE_0000027	6.336e-06	2.968e-22	6.448e-04	1.00
EPI_ISL_2709002	4.358e-05	3.364e-05	6.425e-04	1.00
NODE_0000030	5.596e-06	2.968e-22	6.078e-04	0.94
EPI_ISL_460932	4.504e-05	3.358e-05	6.529e-04	1.01
NODE_0000033	5.394e-06	2.968e-22	6.421e-04	1.00
EPI_ISL_460854	7.488e-05	3.358e-05	4.530e-04	0.70
NODE_0000035	5.401e-06	2.968e-22	6.426e-04	1.00
NODE_0000039	2.428e-05	2.968e-22	6.448e-04	1.00
EPI_ISL_460934	1.349e-05	2.641e-22	3.442e-04	0.53
EPI_ISL_1035223	4.681e-06	2.641e-22	4.370e-04	0.68
NODE_0000040	6.053e-06	2.968e-22	6.447e-04	1.00
EPI_ISL_460767	0.000e+00	2.138e-18	6.435e-04	1.00
NODE_0000043	5.285e-06	2.968e-22	6.448e-04	1.00
EPI_ISL_2731376	0.000e+00	2.493e-22	6.220e-04	0.96
EPI_ISL_454794	1.762e-05	2.641e-22	4.403e-04	0.68
NODE_0000752	1.398e-04	3.350e-05	7.143e-04	1.11
NODE_0000753	7.009e-06	3.351e-05	6.882e-04	1.07
EPI_ISL_523116	5.056e-05	6.715e-05	4.940e-04	0.77
NODE_0000754	3.403e-05	1.340e-04	8.934e-04	1.39
EPI_ISL_522987	2.711e-05	1.007e-04	9.025e-04	1.40
NODE_0000055	2.711e-05	2.943e-22	3.618e-04	0.56
EPI_ISL_522988	0.000e+00	2.618e-22	6.407e-04	0.99
EPI_ISL_1265367	1.762e-06	2.618e-22	6.342e-04	0.98
NODE_0000756	7.620e-06	3.350e-05	7.095e-04	1.10
EPI_ISL_523097	4.643e-05	1.679e-04	9.047e-04	1.40
NODE_0000757	1.991e-05	1.005e-04	6.012e-04	0.93
EPI_ISL_523025	6.528e-05	3.358e-05	6.867e-04	1.06
EPI_ISL_523023	6.528e-05	3.358e-05	6.867e-04	1.06
EPI_ISL_523043	8.818e-05	1.343e-04	9.827e-04	1.52
EPI_ISL_523044	8.818e-05	1.007e-04	8.861e-04	1.37
NODE_0000058	6.577e-06	2.950e-22	5.589e-04	0.87
EPI_ISL_523045	8.160e-05	3.358e-05	6.386e-04	0.99
NODE_0000060	4.370e-05	2.950e-22	6.447e-04	1.00
EPI_ISL_523041	3.791e-05	3.358e-05	6.415e-04	0.99
NODE_0000061	1.500e-05	2.950e-22	5.912e-04	0.92
EPI_ISL_523027	0.000e+00	2.624e-22	6.407e-04	0.99
EPI_ISL_523026	0.000e+00	2.284e-18	6.407e-04	0.99
NODE_0000765	5.217e-05	3.350e-05	6.899e-04	1.07
EPI_ISL_523050	3.777e-05	3.358e-05	6.978e-04	1.08
EPI_ISL_523049	3.777e-05	2.614e-22	4.268e-04	0.66
EPI_ISL_523048	3.777e-05	3.358e-05	6.978e-04	1.08
NODE_0000768	5.317e-05	3.350e-05	6.052e-04	0.94
EPI_ISL_577754	4.450e-05	3.358e-05	5.988e-04	0.93
EPI_ISL_523084	2.160e-05	3.360e-05	7.132e-04	1.11
NODE_0000770	1.516e-05	3.352e-05	6.951e-04	1.08
EPI_ISL_577750	2.934e-05	2.489e-22	5.225e-04	0.81
NODE_0000771	2.023e-05	3.352e-05	7.066e-04	1.10
EPI_ISL_577752	9.112e-06	3.359e-05	6.970e-04	1.08
EPI_ISL_577753	9.112e-06	2.618e-22	6.180e-04	0.96
NODE_0000052	6.397e-05	2.946e-22	7.106e-04	1.10
NODE_0000840	2.019e-04	3.016e-04	9.314e-04	1.44
EPI_ISL_523083	1.303e-04	1.008e-04	7.897e-04	1.22
EPI_ISL_523732	1.127e-04	6.715e-05	7.166e-04	1.11
NODE_0000841	4.900e-05	3.350e-05	6.738e-04	1.05
NODE_0000842	4.867e-04	4.022e-04	6.385e-04	0.99
EPI_ISL_1865767	3.260e-05	3.357e-05	5.530e-04	0.86
EPI_ISL_713036	2.026e-05	3.357e-05	6.317e-04	0.98
EPI_ISL_750090	3.260e-05	3.357e-05	5.530e-04	0.86
NODE_0000844	1.516e-04	2.011e-04	9.754e-04	1.51
EPI_ISL_522995	4.532e-05	3.357e-05	5.761e-04	0.89
NODE_0000845	2.373e-05	3.350e-05	7.099e-04	1.10
EPI_ISL_522996	2.158e-05	2.536e-22	4.298e-04	0.67
EPI_ISL_522998	2.158e-05	6.719e-05	8.140e-04	1.26
NODE_0000051	1.823e-04	3.350e-05	6.636e-04	1.03
EPI_ISL_625927	3.120e-04	2.687e-04	4.676e-04	0.73
NODE_0000050	2.241e-04	3.690e-04	7.723e-04	1.20
EPI_ISL_3322074	5.505e-04	4.709e-04	5.961e-04	0.92
NODE_0000048	5.899e-05	1.006e-04	8.517e-04	1.32
NODE_0000049	3.122e-04	4.695e-04	1.023e-03	1.59
EPI_ISL_5779742	3.294e-04	3.029e-04	6.068e-04	0.94
EPI_ISL_9347713	4.248e-04	5.378e-04	8.203e-04	1.27
NODE_0000047	8.498e-05	3.353e-04	1.013e-03	1.57
EPI_ISL_5988391	4.913e-04	4.037e-04	7.406e-04	1.15
NODE_0000005	9.530e-06	6.704e-05	7.893e-04	1.22
NODE_0000016	2.235e-04	1.341e-04	6.863e-04	1.06
EPI_ISL_5151481	2.194e-04	2.018e-04	8.140e-04	1.26
EPI_ISL_9347726	4.190e-04	3.361e-04	6.474e-04	1.00
NODE_0000046	6.355e-04	7.383e-04	1.005e-03	1.56
EPI_ISL_9654523	1.767e-06	2.229e-22	6.433e-04	1.00
EPI_ISL_9654019	0.000e+00	2.229e-22	6.448e-04	1.00
NODE_0000000	2.180e-04	1.676e-04	8.006e-04	1.24
EPI_ISL_4260077	2.196e-04	2.016e-04	8.369e-04	1.30
EPI_ISL_8643727	4.687e-04	2.689e-04	4.752e-04	0.74
NODE_0000002	1.844e-04	1.676e-04	7.631e-04	1.18
EPI_ISL_6079297	1.623e-04	1.008e-04	5.371e-04	0.83
EPI_ISL_5376949	1.482e-04	1.680e-04	8.421e-04	1.31
NODE_0000004	2.475e-04	3.018e-04	9.035e-04	1.40
EPI_ISL_9347715	3.382e-04	3.362e-04	6.449e-04	1.00
EPI_ISL_9388141	1.858e-04	2.017e-04	8.336e-04	1.29
NODE_0000017	2.179e-04	6.705e-05	7.166e-04	1.11
NODE_0000018	1.051e-05	6.704e-05	4.712e-04	0.73
EPI_ISL_9050787	4.371e-04	1.345e-04	2.891e-04	0.45
NODE_0000019	3.947e-04	3.689e-04	8.104e-04	1.26
EPI_ISL_9388142	0.000e+00	2.374e-22	6.448e-04	1.00
EPI_ISL_9388143	0.000e+00	2.374e-22	6.448e-04	1.00
NODE_0000020	-8.976e-07	3.352e-05	6.552e-04	1.02
EPI_ISL_7088388	3.725e-04	3.360e-05	7.942e-05	0.12
NODE_0000021	4.752e-05	3.352e-05	6.621e-04	1.03
EPI_ISL_9347727	3.939e-04	4.705e-04	8.281e-04	1.28
EPI_ISL_3847594	1.607e-04	2.688e-04	1.040e-03	1.61
NODE_0000006	7.537e-06	6.704e-05	8.120e-04	1.26
EPI_ISL_9347728	6.527e-04	2.352e-04	3.499e-04	0.54
EPI_ISL_5079396	4.954e-04	2.016e-04	4.445e-04	0.69
EPI_ISL_3404893	4.248e-04	2.353e-04	6.379e-04	0.99
NODE_0000009	4.033e-04	2.682e-04	7.225e-04	1.12
EPI_ISL_9651352	1.786e-04	2.016e-04	8.048e-04	1.25
EPI_ISL_9650712	1.468e-04	1.008e-04	5.601e-04	0.87
NODE_0000011	2.413e-04	3.352e-05	6.182e-04	0.96
EPI_ISL_9347725	4.043e-04	2.688e-04	4.390e-04	0.68
NODE_0000012	8.597e-05	6.704e-05	4.796e-04	0.74
EPI_ISL_4996709	1.664e-04	3.024e-04	1.028e-03	1.59
EPI_ISL_4340037	1.275e-04	6.720e-05	3.910e-04	0.61
NODE_0000093	4.790e-06	2.832e-22	6.448e-04	1.00
NODE_0000025	7.254e-06	3.352e-05	7.124e-04	1.10
NODE_0000028	2.059e-04	6.704e-05	6.734e-04	1.04
EPI_ISL_9347716	6.406e-04	6.724e-04	7.070e-04	1.10
EPI_ISL_7940234	4.087e-04	3.361e-04	5.913e-04	0.92
NODE_0000029	2.038e-04	1.006e-04	7.777e-04	1.21
EPI_ISL_9347718	4.214e-04	5.379e-04	9.044e-04	1.40
EPI_ISL_5259182	3.066e-04	1.680e-04	4.344e-04	0.67
NODE_0000070	1.175e-05	2.823e-22	6.448e-04	1.00
NODE_0000072	1.894e-04	2.823e-22	6.448e-04	1.00
EPI_ISL_7949770	4.382e-04	1.682e-04	2.516e-04	0.39
EPI_ISL_9640059	4.629e-04	3.362e-04	4.641e-04	0.72
NODE_0000031	3.080e-04	1.341e-04	5.885e-04	0.91
EPI_ISL_3812687	1.111e-04	6.723e-05	4.468e-04	0.69
NODE_0000032	4.187e-05	6.705e-05	7.913e-04	1.23
EPI_ISL_8371424	2.706e-04	2.689e-04	6.642e-04	1.03
EPI_ISL_9347712	2.494e-04	2.691e-04	7.107e-04	1.10
EPI_ISL_9388144	2.741e-04	4.708e-04	1.054e-03	1.63
NODE_0000102	6.951e-06	2.832e-22	6.410e-04	0.99
NODE_0000024	2.131e-04	6.704e-05	3.200e-04	0.50
EPI_ISL_8806201	4.707e-04	2.690e-04	5.100e-04	0.79
EPI_ISL_9640065	4.512e-04	2.352e-04	4.742e-04	0.74
NODE_0000034	2.069e-04	6.705e-05	2.990e-04	0.46
EPI_ISL_8693915	4.238e-04	2.352e-04	5.390e-04	0.84
EPI_ISL_7721854	4.079e-04	3.361e-04	7.732e-04	1.20
NODE_0000036	1.547e-04	3.352e-05	5.152e-04	0.80
NODE_0000037	2.927e-05	3.352e-05	6.835e-04	1.06
EPI_ISL_5860666	1.374e-04	2.017e-04	9.575e-04	1.48
EPI_ISL_5268218	1.179e-04	3.360e-05	3.110e-04	0.48
NODE_0000038	2.214e-04	1.006e-04	3.664e-04	0.57
EPI_ISL_8693911	4.597e-05	6.719e-05	7.861e-04	1.22
NODE_0000085	4.328e-05	2.782e-22	6.448e-04	1.00
EPI_ISL_8693816	2.698e-06	2.378e-22	2.655e-04	0.41
EPI_ISL_9140759	8.043e-05	1.008e-04	5.961e-04	0.92
NODE_0000041	1.529e-04	3.352e-05	6.758e-04	1.05
EPI_ISL_7880210	2.815e-04	2.353e-04	5.724e-04	0.89
NODE_0000042	1.520e-04	1.006e-04	4.616e-04	0.72
EPI_ISL_8377272	1.225e-04	3.360e-05	2.636e-04	0.41
EPI_ISL_8035358	1.578e-04	1.344e-04	6.103e-04	0.95
NODE_0000044	4.073e-05	6.704e-05	7.346e-04	1.14
EPI_ISL_6324402	1.719e-04	1.682e-04	6.884e-04	1.07
EPI_ISL_4109577	5.355e-05	6.724e-05	7.661e-04	1.19
NODE_0000885	3.726e-05	3.350e-05	7.135e-04	1.11
EPI_ISL_615644	3.584e-04	4.369e-04	8.937e-04	1.39
NODE_0000886	3.026e-05	6.700e-05	7.628e-04	1.18
EPI_ISL_460880	1.502e-04	2.015e-04	9.135e-04	1.42
EPI_ISL_804457	7.792e-05	6.715e-05	7.051e-04	1.09
EPI_ISL_461224	1.378e-04	1.343e-04	7.334e-04	1.14
EPI_ISL_422956	5.150e-05	1.007e-04	9.017e-04	1.40
EPI_ISL_523356	1.255e-04	1.680e-04	9.043e-04	1.40
NODE_0000113	1.099e-05	2.915e-22	6.445e-04	1.00
NODE_0000114	1.611e-05	2.915e-22	6.448e-04	1.00
EPI_ISL_804409	3.145e-05	3.357e-05	6.190e-04	0.96
NODE_0000937	5.306e-05	3.350e-05	5.622e-04	0.87
EPI_ISL_460819	4.819e-06	2.574e-22	5.171e-04	0.80
NODE_0000938	4.819e-06	3.350e-05	7.166e-04	1.11
EPI_ISL_460823	0.000e+00	2.555e-22	6.445e-04	1.00
EPI_ISL_523430	2.467e-05	6.715e-05	8.138e-04	1.26
NODE_0000117	1.550e-05	2.915e-22	6.414e-04	0.99
NODE_0000118	1.557e-05	2.915e-22	6.448e-04	1.00
NODE_0000930	2.413e-05	3.350e-05	6.987e-04	1.08
EPI_ISL_460800	6.447e-06	3.357e-05	6.941e-04	1.08
EPI_ISL_523181	5.754e-05	3.357e-05	4.031e-04	0.63
NODE_0000120	6.601e-05	2.915e-22	6.348e-04	0.98
EPI_ISL_523467	1.919e-05	6.715e-05	5.082e-04	0.79
EPI_ISL_523556	8.437e-05	1.343e-04	5.738e-04	0.89
NODE_0000121	5.391e-05	2.915e-22	4.469e-04	0.69
NODE_0000122	6.951e-06	2.915e-22	6.448e-04	1.00
EPI_ISL_2709006	1.172e-05	3.365e-05	5.306e-04	0.82
EPI_ISL_523211	1.121e-04	3.357e-05	1.987e-04	0.31
NODE_0000123	6.967e-06	2.915e-22	6.448e-04	1.00
EPI_ISL_636558	1.051e-04	1.007e-04	5.060e-04	0.78
NODE_0000926	2.227e-05	3.350e-05	5.344e-04	0.83
EPI_ISL_461239	0.000e+00	2.601e-22	5.840e-04	0.91
EPI_ISL_523447	5.109e-05	1.343e-04	9.618e-04	1.49
NODE_0000939	3.083e-05	3.350e-05	7.168e-04	1.11
EPI_ISL_804407	5.414e-05	2.574e-22	2.130e-04	0.33
NODE_0000940	4.989e-05	1.005e-04	9.024e-04	1.40
EPI_ISL_461293	1.306e-05	3.357e-05	7.080e-04	1.10
NODE_0000941	4.301e-05	1.005e-04	8.795e-04	1.36
EPI_ISL_523570	1.762e-05	3.358e-05	7.171e-04	1.11
EPI_ISL_461383	0.000e+00	2.386e-22	6.448e-04	1.00
NODE_0000106	9.834e-06	2.873e-22	6.448e-04	1.00
EPI_ISL_523416	9.235e-05	6.715e-05	5.068e-04	0.79
NODE_0000944	5.499e-05	3.350e-05	5.402e-04	0.84
EPI_ISL_523345	3.560e-05	3.358e-05	5.686e-04	0.88
EPI_ISL_722803	5.498e-05	6.723e-05	6.692e-04	1.04
NODE_0000946	1.087e-05	3.350e-05	6.989e-04	1.08
EPI_ISL_523613	4.375e-05	3.361e-05	6.810e-04	1.06
NODE_0000947	5.473e-05	1.005e-04	8.882e-04	1.38
EPI_ISL_577954	1.405e-04	6.715e-05	4.067e-04	0.63
EPI_ISL_523636	3.482e-05	2.524e-22	4.233e-04	0.66
EPI_ISL_632579	1.581e-04	6.723e-05	3.614e-04	0.56
NODE_0000951	5.321e-05	1.005e-04	8.927e-04	1.38
EPI_ISL_577910	4.856e-05	2.474e-22	2.473e-04	0.38
NODE_0000952	1.350e-05	3.350e-05	7.122e-04	1.10
EPI_ISL_523711	2.097e-05	6.715e-05	8.003e-04	1.24
EPI_ISL_632626	1.373e-04	2.351e-04	9.997e-04	1.55
NODE_0000953	4.440e-05	3.350e-05	7.127e-04	1.11
EPI_ISL_523751	5.737e-05	1.007e-04	8.041e-04	1.25
EPI_ISL_632582	1.190e-04	1.679e-04	7.994e-04	1.24
EPI_ISL_523766	5.913e-05	1.679e-04	1.027e-03	1.59
NODE_0000959	2.208e-05	6.701e-05	7.535e-04	1.17
EPI_ISL_523804	4.587e-05	2.505e-22	3.488e-04	0.54
EPI_ISL_523721	1.944e-05	3.357e-05	6.930e-04	1.07
NODE_0000135	8.540e-06	2.861e-22	6.444e-04	1.00
EPI_ISL_523717	3.474e-05	2.505e-22	1.803e-04	0.28
NODE_0000136	2.522e-05	2.861e-22	6.448e-04	1.00
EPI_ISL_577937	5.180e-05	3.361e-05	3.183e-04	0.49
EPI_ISL_523793	2.713e-05	3.361e-05	4.152e-04	0.64
NODE_0000961	8.966e-06	3.350e-05	7.156e-04	1.11
EPI_ISL_577935	7.483e-05	6.716e-05	5.805e-04	0.90
EPI_ISL_523750	5.017e-05	3.357e-05	4.920e-04	0.76
NODE_0000963	1.273e-05	3.350e-05	7.167e-04	1.11
EPI_ISL_523710	2.158e-05	2.505e-22	3.875e-04	0.60
NODE_0000964	1.213e-05	6.701e-05	8.052e-04	1.25
EPI_ISL_523800	2.707e-05	6.717e-05	8.139e-04	1.26
EPI_ISL_523699	7.691e-06	3.358e-05	6.894e-04	1.07
NODE_0000887	1.092e-04	6.701e-05	8.097e-04	1.26
NODE_0000888	8.499e-06	3.350e-05	6.821e-04	1.06
NODE_0000889	4.657e-05	1.340e-04	8.510e-04	1.32
EPI_ISL_1265361	0.000e+00	2.550e-22	6.407e-04	0.99
EPI_ISL_523099	0.000e+00	2.550e-22	6.407e-04	0.99
NODE_0000890	4.657e-05	1.005e-04	7.144e-04	1.11
EPI_ISL_1265354	0.000e+00	2.529e-22	6.407e-04	0.99
EPI_ISL_523098	0.000e+00	2.519e-22	6.407e-04	0.99
NODE_0000891	7.396e-06	3.350e-05	7.165e-04	1.11
EPI_ISL_523119	5.472e-05	6.715e-05	4.575e-04	0.71
NODE_0000893	1.774e-05	3.350e-05	6.129e-04	0.95
EPI_ISL_523020	5.636e-05	3.358e-05	3.378e-04	0.52
EPI_ISL_523018	5.636e-05	3.358e-05	3.378e-04	0.52
EPI_ISL_523019	5.636e-05	6.716e-05	5.411e-04	0.84
EPI_ISL_523017	5.636e-05	1.007e-04	7.067e-04	1.10
EPI_ISL_523074	1.057e-04	1.007e-04	5.190e-04	0.80
NODE_0000898	2.074e-05	6.701e-05	6.553e-04	1.02
NODE_0000902	2.694e-05	1.005e-04	9.025e-04	1.40
EPI_ISL_1265363	1.762e-06	2.519e-22	6.433e-04	1.00
EPI_ISL_523112	0.000e+00	2.519e-22	6.448e-04	1.00
NODE_0000903	1.411e-05	3.350e-05	6.869e-04	1.07
EPI_ISL_1265364	1.459e-05	3.358e-05	7.144e-04	1.11
EPI_ISL_523108	1.283e-05	2.528e-22	5.901e-04	0.92
NODE_0000149	7.398e-06	2.873e-22	3.220e-04	0.50
EPI_ISL_1265362	2.130e-05	2.524e-22	6.342e-04	0.98
NODE_0000150	1.954e-05	2.873e-22	6.448e-04	1.00
EPI_ISL_523110	0.000e+00	2.470e-22	6.407e-04	0.99
EPI_ISL_523109	0.000e+00	2.524e-22	6.407e-04	0.99
NODE_0000904	7.167e-06	3.350e-05	7.167e-04	1.11
NODE_0000905	7.297e-06	3.350e-05	7.157e-04	1.11
NODE_0000906	3.321e-05	1.005e-04	8.039e-04	1.25
EPI_ISL_1265360	0.000e+00	2.542e-22	6.407e-04	0.99
EPI_ISL_523104	0.000e+00	2.542e-22	6.407e-04	0.99
NODE_0000907	6.727e-06	3.350e-05	7.166e-04	1.11
EPI_ISL_523100	2.649e-05	1.008e-04	8.585e-04	1.33
EPI_ISL_523103	2.649e-05	6.715e-05	7.089e-04	1.10
NODE_0000155	6.391e-06	2.886e-22	6.448e-04	1.00
EPI_ISL_523101	2.009e-05	3.361e-05	4.970e-04	0.77
EPI_ISL_523106	2.009e-05	2.542e-22	1.714e-04	0.27
NODE_0000910	6.627e-05	1.676e-04	8.477e-04	1.31
EPI_ISL_523035	3.238e-05	3.358e-05	6.767e-04	1.05
EPI_ISL_523037	3.238e-05	2.229e-18	3.763e-04	0.58
EPI_ISL_523082	5.352e-05	3.358e-05	5.471e-04	0.85
NODE_0000913	4.639e-05	6.702e-05	7.881e-04	1.22
EPI_ISL_523087	3.356e-05	6.716e-05	8.064e-04	1.25
NODE_0000914	2.126e-05	3.350e-05	6.425e-04	1.00
EPI_ISL_523086	1.229e-05	2.578e-22	6.448e-04	1.00
NODE_0000917	3.925e-05	6.701e-05	8.128e-04	1.26
EPI_ISL_577802	3.471e-05	6.717e-05	8.150e-04	1.26
EPI_ISL_577803	3.471e-05	3.361e-05	6.763e-04	1.05
NODE_0000160	9.180e-06	2.898e-22	5.722e-04	0.89
EPI_ISL_577783	4.892e-05	3.358e-05	6.627e-04	1.03
NODE_0000161	5.588e-06	2.898e-22	6.427e-04	1.00
EPI_ISL_577784	4.333e-05	3.358e-05	6.738e-04	1.04
NODE_0000163	6.414e-06	2.898e-22	6.435e-04	1.00
EPI_ISL_577791	4.220e-05	3.358e-05	6.538e-04	1.01
NODE_0000164	1.578e-05	2.898e-22	6.448e-04	1.00
EPI_ISL_577786	2.114e-05	2.507e-22	3.908e-04	0.61
EPI_ISL_577755	0.000e+00	2.232e-18	6.155e-04	0.95
NODE_0000966	1.120e-04	3.350e-05	6.234e-04	0.97
EPI_ISL_618112	1.107e-04	2.015e-04	8.553e-04	1.33
EPI_ISL_455275	1.469e-06	6.715e-05	7.992e-04	1.24
NODE_0000166	2.933e-05	2.924e-22	6.448e-04	1.00
NODE_0000168	7.456e-06	2.924e-22	6.448e-04	1.00
EPI_ISL_460999	6.965e-06	3.357e-05	3.881e-04	0.60
NODE_0001005	1.233e-04	6.700e-05	4.245e-04	0.66
EPI_ISL_2283628	2.342e-04	5.041e-04	1.049e-03	1.63
NODE_0001006	1.887e-04	3.351e-05	1.243e-04	0.19
EPI_ISL_2650410	1.513e-04	6.715e-05	2.991e-04	0.46
NODE_0001007	1.228e-04	2.010e-04	8.213e-04	1.27
EPI_ISL_4847029	3.910e-05	2.551e-22	3.328e-04	0.52
EPI_ISL_4847030	3.910e-05	6.716e-05	8.093e-04	1.26
NODE_0000173	7.003e-06	2.924e-22	6.448e-04	1.00
NODE_0000174	1.957e-05	2.924e-22	6.448e-04	1.00
EPI_ISL_784746	3.296e-04	2.015e-04	3.453e-04	0.54
EPI_ISL_1258774	5.149e-04	1.681e-04	2.009e-04	0.31
NODE_0000967	7.280e-05	6.700e-05	4.120e-04	0.64
EPI_ISL_5847426	1.513e-04	1.682e-04	6.804e-04	1.06
NODE_0000968	5.255e-05	3.350e-05	5.999e-04	0.93
EPI_ISL_1323858	2.450e-04	2.015e-04	5.274e-04	0.82
NODE_0000969	2.575e-05	3.350e-05	6.283e-04	0.97
EPI_ISL_1379616	2.192e-04	2.016e-04	6.046e-04	0.94
NODE_0000970	6.686e-05	1.005e-04	8.417e-04	1.31
NODE_0000978	1.544e-04	1.675e-04	8.835e-04	1.37
EPI_ISL_1089277	1.038e-04	1.680e-04	6.944e-04	1.08
EPI_ISL_1181644	1.021e-04	1.679e-04	6.999e-04	1.09
NODE_0000980	1.511e-04	1.675e-04	5.552e-04	0.86
EPI_ISL_2305896	1.294e-04	1.345e-04	7.075e-04	1.10
EPI_ISL_1261939	2.159e-06	2.145e-18	6.448e-04	1.00
NODE_0000181	6.231e-05	2.856e-22	2.440e-04	0.38
EPI_ISL_984575	5.309e-05	1.007e-04	7.365e-04	1.14
NODE_0000183	2.215e-05	2.856e-22	3.142e-04	0.49
EPI_ISL_979727	7.322e-05	1.008e-04	7.119e-04	1.10
NODE_0000185	2.337e-05	2.856e-22	6.448e-04	1.00
NODE_0000972	2.166e-05	3.350e-05	5.671e-04	0.88
EPI_ISL_979200	5.462e-05	1.007e-04	8.109e-04	1.26
EPI_ISL_1701066	0.000e+00	2.174e-18	5.320e-04	0.83
NODE_0000188	2.332e-05	2.856e-22	6.447e-04	1.00
EPI_ISL_1064211	1.024e-04	1.343e-04	5.707e-04	0.89
NODE_0000189	2.129e-05	2.856e-22	6.447e-04	1.00
EPI_ISL_3419509	1.517e-04	1.344e-04	4.170e-04	0.65
EPI_ISL_1318706	7.576e-05	1.008e-04	4.656e-04	0.72
NODE_0000981	2.266e-05	6.701e-05	8.084e-04	1.25
EPI_ISL_1304871	1.826e-04	1.679e-04	5.908e-04	0.92
NODE_0000982	7.709e-06	6.701e-05	7.988e-04	1.24
NODE_0000192	4.245e-05	2.832e-22	3.752e-04	0.58
EPI_ISL_875900	2.496e-05	6.715e-05	7.853e-04	1.22
NODE_0000193	2.253e-05	2.832e-22	6.025e-04	0.93
EPI_ISL_1048656	1.028e-04	3.358e-05	2.330e-04	0.36
EPI_ISL_831630	1.205e-04	1.345e-04	6.210e-04	0.96
NODE_0000985	3.243e-05	1.005e-04	8.609e-04	1.34
NODE_0000986	1.991e-05	3.350e-05	7.151e-04	1.11
EPI_ISL_5804716	7.849e-05	2.689e-04	1.216e-03	1.89
EPI_ISL_5804728	8.025e-05	1.679e-04	9.454e-04	1.47
NODE_0000987	1.974e-05	6.701e-05	7.629e-04	1.18
EPI_ISL_5804726	1.404e-04	1.344e-04	5.826e-04	0.90
NODE_0000988	3.496e-06	3.350e-05	6.893e-04	1.07
EPI_ISL_5804718	7.516e-05	1.679e-04	9.513e-04	1.48
EPI_ISL_5804724	8.045e-05	2.015e-04	1.033e-03	1.60
NODE_0000989	5.951e-05	2.681e-04	1.239e-03	1.92
EPI_ISL_6425287	1.654e-04	1.680e-04	5.894e-04	0.91
EPI_ISL_5804723	1.565e-05	6.719e-05	8.090e-04	1.25
NODE_0000992	4.268e-05	1.340e-04	9.711e-04	1.51
EPI_ISL_5804743	3.777e-05	2.351e-04	1.183e-03	1.83
EPI_ISL_5804751	3.777e-05	2.338e-22	1.552e-04	0.24
NODE_0000994	2.102e-05	3.350e-05	7.155e-04	1.11
EPI_ISL_5804717	5.414e-05	1.679e-04	1.002e-03	1.55
NODE_0000202	2.446e-05	2.800e-22	6.395e-04	0.99
EPI_ISL_5804765	9.138e-05	6.718e-05	3.820e-04	0.59
EPI_ISL_5804722	2.968e-05	2.484e-22	1.102e-04	0.17
NODE_0000997	2.337e-05	3.350e-05	7.079e-04	1.10
EPI_ISL_5804719	3.077e-05	1.344e-04	9.325e-04	1.45
EPI_ISL_5804725	9.248e-05	2.687e-04	1.097e-03	1.70
EPI_ISL_5804721	3.077e-05	6.720e-05	6.453e-04	1.00
NODE_0001008	4.562e-05	3.350e-05	5.853e-04	0.91
EPI_ISL_823940	3.681e-04	3.695e-04	6.319e-04	0.98
NODE_0001009	3.059e-05	3.350e-05	5.177e-04	0.80
EPI_ISL_787389	2.248e-04	3.359e-04	9.130e-04	1.42
NODE_0001010	8.537e-05	1.005e-04	5.963e-04	0.92
EPI_ISL_5804742	2.610e-04	2.688e-04	7.560e-04	1.17
NODE_0001011	3.638e-05	6.701e-05	7.513e-04	1.17
EPI_ISL_5804758	1.559e-04	1.680e-04	8.563e-04	1.33
EPI_ISL_613530	1.418e-04	4.032e-04	1.441e-03	2.23
EPI_ISL_2340558	3.870e-04	3.696e-04	7.201e-04	1.12
EPI_ISL_1235710	3.216e-04	5.376e-04	1.164e-03	1.80
EPI_ISL_1314669	3.658e-04	4.032e-04	8.201e-04	1.27
NODE_0001012	7.821e-05	6.701e-05	8.098e-04	1.26
EPI_ISL_2191455	1.605e-04	2.015e-04	7.817e-04	1.21
EPI_ISL_2246844	9.352e-05	2.351e-04	1.121e-03	1.74
NODE_0001037	7.938e-05	3.350e-05	7.068e-04	1.10
EPI_ISL_1421153	2.935e-04	5.041e-04	1.031e-03	1.60
EPI_ISL_770108	1.170e-04	2.015e-04	8.945e-04	1.39
NODE_0001041	1.395e-04	1.341e-04	8.853e-04	1.37
EPI_ISL_3119109	1.309e-04	2.351e-04	9.430e-04	1.46
EPI_ISL_1479362	2.510e-04	4.704e-04	1.085e-03	1.68
NODE_0001052	8.333e-05	3.350e-05	7.023e-04	1.09
EPI_ISL_5804754	1.747e-04	1.344e-04	4.952e-04	0.77
EPI_ISL_1136108	2.065e-04	5.040e-04	1.273e-03	1.97
NODE_0000186	5.232e-05	2.871e-22	6.448e-04	1.00
NODE_0000190	8.617e-05	2.871e-22	6.448e-04	1.00
EPI_ISL_1113967	1.973e-04	2.687e-04	6.238e-04	0.97
EPI_ISL_855052	1.196e-04	1.679e-04	5.404e-04	0.84
NODE_0000191	3.361e-05	2.871e-22	6.448e-04	1.00
NODE_0001042	5.262e-05	6.701e-05	6.083e-04	0.94
EPI_ISL_3101942	1.583e-04	1.344e-04	5.332e-04	0.83
NODE_0001043	1.534e-05	3.350e-05	7.149e-04	1.11
EPI_ISL_1692081	2.578e-04	5.043e-04	1.127e-03	1.75
NODE_0000214	8.712e-06	2.842e-22	6.448e-04	1.00
EPI_ISL_1094943	1.484e-04	1.679e-04	6.540e-04	1.01
EPI_ISL_5934614	1.440e-05	6.715e-05	7.847e-04	1.22
NODE_0001046	9.062e-05	6.702e-05	5.823e-04	0.90
EPI_ISL_8900812	9.738e-05	2.689e-04	1.024e-03	1.59
EPI_ISL_2775725	1.663e-04	3.023e-04	8.795e-04	1.36
NODE_0000217	1.231e-05	2.871e-22	6.447e-04	1.00
EPI_ISL_967252	9.568e-05	1.679e-04	6.953e-04	1.08
NODE_0001049	4.168e-05	1.340e-04	8.452e-04	1.31
EPI_ISL_1267458	1.423e-04	1.679e-04	7.100e-04	1.10
EPI_ISL_2466855	5.399e-05	3.357e-05	4.350e-04	0.67
NODE_0001015	9.783e-06	3.350e-05	6.926e-04	1.07
NODE_0001016	6.855e-05	6.701e-05	8.120e-04	1.26
EPI_ISL_5804766	1.198e-04	3.025e-04	1.213e-03	1.88
EPI_ISL_5804768	1.198e-04	1.344e-04	7.209e-04	1.12
NODE_0001017	1.025e-04	2.682e-04	1.199e-03	1.86
EPI_ISL_5804776	1.141e-04	2.352e-04	1.020e-03	1.58
NODE_0001018	2.621e-05	6.702e-05	7.829e-04	1.21
EPI_ISL_5804787	4.734e-05	1.344e-04	9.250e-04	1.43
NODE_0001019	4.666e-05	1.676e-04	1.018e-03	1.58
EPI_ISL_5804775	1.301e-05	3.359e-05	5.603e-04	0.87
EPI_ISL_5804786	2.237e-04	2.689e-04	6.426e-04	1.00
EPI_ISL_5804773	2.237e-04	2.689e-04	6.426e-04	1.00
EPI_ISL_5804778	4.120e-05	2.349e-22	1.139e-04	0.18
EPI_ISL_5804780	4.120e-05	2.346e-22	1.139e-04	0.18
EPI_ISL_5804770	1.301e-05	2.347e-22	2.230e-04	0.35
EPI_ISL_5804771	1.301e-05	2.355e-22	2.230e-04	0.35
EPI_ISL_5804784	4.120e-05	6.719e-05	6.174e-04	0.96
NODE_0001022	1.374e-05	3.351e-05	7.120e-04	1.10
EPI_ISL_5804782	2.746e-05	1.008e-04	8.684e-04	1.35
EPI_ISL_5804785	5.036e-05	1.008e-04	7.713e-04	1.20
NODE_0001025	1.091e-06	3.351e-05	7.023e-04	1.09
EPI_ISL_5804772	1.192e-05	1.008e-04	9.042e-04	1.40
EPI_ISL_5804781	4.011e-05	1.008e-04	8.212e-04	1.27
NODE_0001028	4.120e-05	3.351e-05	4.292e-04	0.67
EPI_ISL_5804769	1.885e-04	2.017e-04	5.191e-04	0.81
EPI_ISL_5804777	0.000e+00	2.120e-18	6.285e-04	0.97
NODE_0001033	4.120e-05	1.006e-04	8.047e-04	1.25
EPI_ISL_5804779	0.000e+00	2.331e-22	6.285e-04	0.97
EPI_ISL_5804783	0.000e+00	2.325e-22	6.285e-04	0.97
NODE_0001055	7.456e-06	3.350e-05	7.083e-04	1.10
EPI_ISL_5804748	2.171e-04	3.360e-05	1.695e-04	0.26
NODE_0001057	7.341e-05	1.005e-04	8.978e-04	1.39
NODE_0001058	8.029e-05	3.350e-05	5.865e-04	0.91
EPI_ISL_5804745	5.990e-05	6.718e-05	5.813e-04	0.90
EPI_ISL_5804749	5.990e-05	1.008e-04	7.473e-04	1.16
NODE_0001059	1.199e-04	3.352e-04	1.324e-03	2.05
EPI_ISL_5804746	1.681e-05	2.386e-22	4.799e-04	0.74
EPI_ISL_5804747	1.681e-05	6.717e-05	8.052e-04	1.25
NODE_0001060	1.248e-05	3.350e-05	6.990e-04	1.08
EPI_ISL_2634618	2.522e-04	3.025e-04	8.943e-04	1.39
EPI_ISL_791368	1.500e-04	2.015e-04	9.803e-04	1.52
EPI_ISL_1121553	2.893e-04	3.364e-04	8.660e-04	1.34
NODE_0001066	4.538e-05	6.701e-05	7.611e-04	1.18
EPI_ISL_5804767	1.328e-04	1.680e-04	8.104e-04	1.26
EPI_ISL_5804763	1.610e-04	3.360e-04	1.166e-03	1.81
NODE_0001068	1.687e-05	6.702e-05	7.666e-04	1.19
EPI_ISL_5804744	1.389e-04	2.688e-04	1.069e-03	1.66
EPI_ISL_5804764	3.316e-05	2.352e-04	1.074e-03	1.67
NODE_0000236	4.681e-05	2.859e-22	6.448e-04	1.00
NODE_0000238	5.217e-05	2.859e-22	5.824e-04	0.90
NODE_0000240	2.004e-05	2.859e-22	6.448e-04	1.00
EPI_ISL_965187	8.738e-05	2.351e-04	9.100e-04	1.41
EPI_ISL_1087192	1.721e-04	2.688e-04	7.418e-04	1.15
NODE_0000241	3.456e-05	2.859e-22	6.393e-04	0.99
NODE_0000242	3.610e-05	2.859e-22	2.306e-04	0.36
EPI_ISL_1523652	2.063e-04	2.352e-04	5.930e-04	0.92
NODE_0000243	1.885e-05	2.859e-22	6.435e-04	1.00
EPI_ISL_876237	7.611e-05	1.344e-04	5.793e-04	0.90
EPI_ISL_2825200	1.044e-04	1.007e-04	3.954e-04	0.61
NODE_0001071	5.815e-05	1.005e-04	7.461e-04	1.16
EPI_ISL_1163090	1.241e-04	6.724e-05	2.974e-04	0.46
EPI_ISL_1272702	1.489e-04	2.018e-04	6.717e-04	1.04
EPI_ISL_1687228	2.072e-04	1.343e-04	3.765e-04	0.58
EPI_ISL_1481865	1.718e-04	3.028e-04	8.612e-04	1.34
NODE_0001076	1.628e-05	3.350e-05	7.164e-04	1.11
EPI_ISL_1514777	3.057e-04	3.700e-04	7.813e-04	1.21
EPI_ISL_5804750	4.466e-05	1.343e-04	9.717e-04	1.51
EPI_ISL_5804757	8.342e-05	2.351e-04	1.136e-03	1.76
NODE_0000246	1.058e-04	2.847e-22	2.050e-04	0.32
EPI_ISL_914026	9.394e-05	1.344e-04	5.920e-04	0.92
NODE_0000248	2.265e-05	2.847e-22	6.448e-04	1.00
EPI_ISL_1300574	1.384e-04	3.358e-05	1.279e-04	0.20
EPI_ISL_1491993	1.950e-04	1.679e-04	4.299e-04	0.67
NODE_0001082	4.797e-05	1.340e-04	9.785e-04	1.52
EPI_ISL_5804762	8.654e-05	2.688e-04	1.217e-03	1.89
EPI_ISL_5804759	3.720e-05	2.421e-22	2.420e-04	0.38
NODE_0001084	9.784e-06	3.350e-05	7.125e-04	1.10
EPI_ISL_5804756	9.802e-06	3.358e-05	7.176e-04	1.11
EPI_ISL_5804760	2.918e-05	1.343e-04	9.686e-04	1.50
NODE_0000254	3.530e-05	2.797e-22	6.040e-04	0.94
EPI_ISL_5804761	2.207e-05	3.358e-05	5.255e-04	0.81
EPI_ISL_5804755	3.088e-05	2.150e-18	1.555e-04	0.24
NODE_0000255	1.390e-05	2.946e-22	6.448e-04	1.00
NODE_0000257	6.023e-05	2.946e-22	4.830e-04	0.75
NODE_0000860	1.062e-04	3.350e-05	6.678e-04	1.04
NODE_0000862	2.400e-04	4.695e-04	9.645e-04	1.50
EPI_ISL_615790	0.000e+00	2.549e-22	6.448e-04	1.00
EPI_ISL_683041	8.809e-05	3.360e-05	3.596e-04	0.56
NODE_0000260	1.250e-05	2.949e-22	6.448e-04	1.00
EPI_ISL_5804735	3.719e-04	2.352e-04	3.683e-04	0.57
NODE_0000863	8.312e-06	3.350e-05	5.375e-04	0.83
EPI_ISL_622503	5.884e-05	2.351e-04	1.122e-03	1.74
NODE_0000233	1.146e-05	2.940e-22	6.448e-04	1.00
NODE_0000234	1.641e-05	2.940e-22	6.448e-04	1.00
EPI_ISL_5629753	4.151e-04	3.359e-04	4.883e-04	0.76
NODE_0000245	2.553e-05	2.940e-22	6.448e-04	1.00
EPI_ISL_854881	3.649e-04	1.679e-04	2.660e-04	0.41
NODE_0000867	8.802e-05	3.350e-05	1.793e-04	0.28
NODE_0000263	1.808e-04	2.532e-18	6.448e-05	0.10
EPI_ISL_5804729	4.320e-05	6.720e-05	5.263e-04	0.82
NODE_0000264	1.201e-05	2.532e-18	6.448e-04	1.00
EPI_ISL_5804730	3.119e-05	3.358e-05	3.264e-04	0.51
EPI_ISL_5804736	3.471e-05	6.717e-05	5.124e-04	0.79
NODE_0000870	1.339e-04	3.687e-04	1.332e-03	2.07
EPI_ISL_5804741	9.539e-05	1.008e-04	6.121e-04	0.95
NODE_0000871	9.074e-06	3.351e-05	7.111e-04	1.10
EPI_ISL_5804740	8.632e-05	2.015e-04	1.020e-03	1.58
NODE_0000872	3.834e-05	1.005e-04	8.832e-04	1.37
EPI_ISL_5804739	4.798e-05	3.358e-05	4.020e-04	0.62
NODE_0000873	9.775e-06	3.351e-05	7.037e-04	1.09
EPI_ISL_5804737	3.644e-05	1.343e-04	9.492e-04	1.47
EPI_ISL_5804738	3.644e-05	1.680e-04	1.044e-03	1.62
NODE_0000874	1.894e-04	1.340e-04	4.839e-04	0.75
EPI_ISL_1348140	2.793e-04	2.687e-04	5.854e-04	0.91
NODE_0000875	2.792e-05	3.350e-05	6.941e-04	1.08
EPI_ISL_739022	1.243e-04	1.679e-04	6.809e-04	1.06
EPI_ISL_1079107	2.125e-04	2.015e-04	5.563e-04	0.86
NODE_0000882	2.612e-05	1.005e-04	8.868e-04	1.38
EPI_ISL_5804731	1.176e-04	3.023e-04	1.087e-03	1.69
NODE_0000883	7.987e-05	3.352e-04	1.339e-03	2.08
EPI_ISL_5804732	3.770e-05	1.007e-04	8.418e-04	1.31
NODE_0000884	1.948e-05	3.351e-05	7.137e-04	1.11
EPI_ISL_5804733	1.822e-05	2.194e-18	2.563e-04	0.40
EPI_ISL_5804734	1.822e-05	6.717e-05	7.811e-04	1.21
NODE_0000877	3.645e-05	3.350e-05	6.973e-04	1.08
NODE_0000878	3.395e-05	6.700e-05	7.404e-04	1.15
EPI_ISL_2202878	1.068e-04	3.023e-04	1.147e-03	1.78
EPI_ISL_3319994	1.173e-04	2.015e-04	8.362e-04	1.30
NODE_0000276	1.909e-05	2.913e-22	6.448e-04	1.00
EPI_ISL_913880	1.075e-04	2.015e-04	7.418e-04	1.15
NODE_0000880	7.018e-05	2.011e-04	9.638e-04	1.49
EPI_ISL_5804752	3.911e-05	6.717e-05	6.823e-04	1.06
EPI_ISL_5804753	2.677e-05	3.358e-05	5.403e-04	0.84
NODE_0000278	2.811e-05	2.946e-22	6.360e-04	0.99
EPI_ISL_804443	1.678e-05	3.357e-05	6.125e-04	0.95
NODE_0000279	8.239e-05	2.946e-22	6.374e-04	0.99
NODE_0000847	1.792e-04	2.681e-04	6.149e-04	0.95
EPI_ISL_641423	1.128e-04	6.721e-05	5.465e-04	0.85
NODE_0000848	5.527e-05	6.700e-05	7.781e-04	1.21
NODE_0000283	1.437e-05	2.873e-22	6.428e-04	1.00
EPI_ISL_641422	4.318e-05	6.716e-05	7.727e-04	1.20
NODE_0000850	7.497e-05	3.350e-05	4.184e-04	0.65
EPI_ISL_683025	1.675e-06	2.523e-22	6.285e-04	0.97
EPI_ISL_1868276	1.048e-05	3.357e-05	7.170e-04	1.11
NODE_0000851	3.852e-05	6.701e-05	8.098e-04	1.26
EPI_ISL_641421	1.903e-05	1.008e-04	8.751e-04	1.36
NODE_0000854	2.866e-05	3.350e-05	7.114e-04	1.10
EPI_ISL_682844	4.499e-05	1.007e-04	8.628e-04	1.34
NODE_0000855	2.561e-05	3.351e-05	6.243e-04	0.97
EPI_ISL_683009	0.000e+00	2.547e-22	6.448e-04	1.00
EPI_ISL_683010	0.000e+00	2.547e-22	6.448e-04	1.00
NODE_0000288	7.325e-06	2.876e-22	6.278e-04	0.97
EPI_ISL_683005	4.694e-05	6.715e-05	7.372e-04	1.14
NODE_0000856	2.100e-05	3.350e-05	6.951e-04	1.08
EPI_ISL_668606	4.531e-05	3.357e-05	5.728e-04	0.89
EPI_ISL_682547	4.531e-05	6.719e-05	7.681e-04	1.19
NODE_0000858	3.298e-05	6.700e-05	8.106e-04	1.26
EPI_ISL_668607	0.000e+00	2.512e-22	6.425e-04	1.00
EPI_ISL_714261	1.233e-05	2.501e-22	5.546e-04	0.86
NODE_0000772	3.294e-04	3.688e-04	6.534e-04	1.01
NODE_0000773	2.156e-04	3.017e-04	7.771e-04	1.21
EPI_ISL_1613477	1.349e-05	2.478e-22	5.589e-04	0.87
EPI_ISL_1613501	1.349e-05	3.357e-05	7.165e-04	1.11
NODE_0000774	2.168e-05	3.350e-05	7.087e-04	1.10
EPI_ISL_1590927	1.968e-04	2.351e-04	6.725e-04	1.04
EPI_ISL_2799301	2.339e-04	3.023e-04	7.388e-04	1.15
NODE_0000798	1.571e-04	2.011e-04	6.557e-04	1.02
EPI_ISL_1591005	5.206e-05	1.007e-04	9.028e-04	1.40
NODE_0000280	3.588e-05	2.809e-22	6.448e-04	1.00
EPI_ISL_1591021	1.619e-05	2.426e-22	2.704e-04	0.42
EPI_ISL_8403005	1.619e-05	3.358e-05	6.060e-04	0.94
NODE_0000778	1.714e-04	2.011e-04	6.590e-04	1.02
EPI_ISL_2799311	6.427e-05	6.715e-05	6.556e-04	1.02
EPI_ISL_8403006	3.953e-05	2.452e-22	2.490e-04	0.39
EPI_ISL_8501754	6.427e-05	6.715e-05	6.556e-04	1.02
EPI_ISL_1613832	4.483e-05	1.343e-04	9.831e-04	1.52
NODE_0000781	2.280e-05	3.350e-05	7.168e-04	1.11
EPI_ISL_1613767	1.987e-04	4.031e-04	1.018e-03	1.58
EPI_ISL_2800176	2.482e-04	2.351e-04	5.550e-04	0.86
NODE_0000783	9.176e-06	3.350e-05	6.088e-04	0.94
EPI_ISL_2141616	1.825e-04	1.679e-04	5.894e-04	0.91
NODE_0000784	1.392e-04	1.005e-04	4.869e-04	0.76
EPI_ISL_1590910	2.559e-05	3.358e-05	6.773e-04	1.05
EPI_ISL_8403183	3.442e-05	3.358e-05	6.265e-04	0.97
NODE_0000285	4.728e-06	2.865e-22	6.448e-04	1.00
NODE_0000286	1.333e-05	2.865e-22	6.448e-04	1.00
NODE_0000287	1.364e-05	2.865e-22	6.448e-04	1.00
EPI_ISL_1590834	1.633e-04	1.343e-04	4.160e-04	0.65
EPI_ISL_1590515	1.651e-04	3.360e-05	1.203e-04	0.19
NODE_0000290	1.386e-05	2.865e-22	6.448e-04	1.00
EPI_ISL_2799390	2.037e-04	2.015e-04	5.150e-04	0.80
EPI_ISL_1590844	1.666e-04	1.343e-04	4.102e-04	0.64
NODE_0000291	6.777e-06	2.865e-22	6.448e-04	1.00
EPI_ISL_2799990	2.436e-04	2.351e-04	5.556e-04	0.86
NODE_0000293	1.256e-05	2.865e-22	6.448e-04	1.00
NODE_0000788	1.355e-04	3.350e-05	1.572e-04	0.24
EPI_ISL_1590870	3.545e-05	3.358e-05	5.591e-04	0.87
EPI_ISL_1590843	3.898e-05	3.357e-05	5.368e-04	0.83
NODE_0000300	2.194e-06	2.865e-22	6.448e-04	1.00
NODE_0000801	1.647e-05	3.350e-05	2.581e-04	0.40
EPI_ISL_8385897	1.806e-04	1.679e-04	7.575e-04	1.17
EPI_ISL_8501762	1.947e-04	3.357e-05	1.916e-04	0.30
EPI_ISL_2141549	1.682e-04	1.008e-04	5.513e-04	0.85
NODE_0000304	7.493e-06	2.865e-22	6.448e-04	1.00
NODE_0000793	1.259e-04	1.005e-04	4.048e-04	0.63
EPI_ISL_1590962	4.601e-05	3.358e-05	4.842e-04	0.75
EPI_ISL_1591022	4.954e-05	6.716e-05	6.795e-04	1.05
NODE_0000789	1.012e-04	3.350e-05	1.746e-04	0.27
EPI_ISL_1590867	6.187e-05	6.715e-05	6.663e-04	1.03
NODE_0000298	2.301e-05	2.852e-22	6.448e-04	1.00
EPI_ISL_8403007	5.299e-05	3.357e-05	3.836e-04	0.59
EPI_ISL_8403171	3.709e-05	3.357e-05	4.602e-04	0.71
NODE_0000803	2.183e-05	6.701e-05	7.540e-04	1.17
NODE_0000804	1.424e-04	1.005e-04	5.345e-04	0.83
EPI_ISL_2141622	4.671e-05	3.358e-05	4.548e-04	0.71
EPI_ISL_1591012	4.318e-05	6.715e-05	6.885e-04	1.07
NODE_0000805	6.251e-05	1.340e-04	8.335e-04	1.29
EPI_ISL_2141910	1.990e-04	1.343e-04	5.347e-04	0.83
NODE_0000806	5.219e-05	3.350e-05	6.163e-04	0.96
EPI_ISL_8501747	1.080e-04	1.679e-04	9.278e-04	1.44
NODE_0000318	3.426e-05	2.870e-22	6.448e-04	1.00
EPI_ISL_8564587	2.504e-04	1.343e-04	3.578e-04	0.55
EPI_ISL_2141686	7.901e-05	3.357e-05	2.948e-04	0.46
NODE_0000809	3.471e-05	3.351e-05	6.752e-04	1.05
EPI_ISL_2141681	8.386e-05	1.007e-04	7.594e-04	1.18
EPI_ISL_4548649	2.252e-04	2.687e-04	7.968e-04	1.24
NODE_0000819	3.426e-05	3.350e-05	7.143e-04	1.11
EPI_ISL_2141904	6.903e-05	1.007e-04	7.591e-04	1.18
NODE_0000820	3.544e-05	3.351e-05	6.596e-04	1.02
EPI_ISL_8527349	3.286e-04	3.698e-04	7.329e-04	1.14
EPI_ISL_8174953	2.050e-04	2.690e-04	8.062e-04	1.25
NODE_0000322	2.435e-05	2.879e-22	6.448e-04	1.00
EPI_ISL_2141683	5.421e-05	6.715e-05	6.197e-04	0.96
NODE_0000312	1.321e-05	2.879e-22	5.104e-04	0.79
NODE_0000313	1.541e-05	2.879e-22	6.433e-04	1.00
EPI_ISL_2141685	2.559e-05	3.358e-05	5.135e-04	0.80
EPI_ISL_2141761	3.442e-05	2.532e-22	1.483e-04	0.23
NODE_0000314	1.643e-05	2.879e-22	6.448e-04	1.00
NODE_0000315	1.423e-05	2.879e-22	6.448e-04	1.00
EPI_ISL_2141906	4.214e-05	3.358e-05	3.503e-04	0.54
EPI_ISL_2141905	3.507e-05	3.358e-05	3.782e-04	0.59
NODE_0000316	1.471e-05	2.879e-22	6.436e-04	1.00
EPI_ISL_2141902	4.343e-05	6.715e-05	5.555e-04	0.86
EPI_ISL_2141680	8.094e-06	2.522e-22	1.914e-04	0.30
NODE_0000821	2.381e-05	3.350e-05	7.167e-04	1.11
EPI_ISL_2141898	8.831e-05	1.343e-04	8.381e-04	1.30
EPI_ISL_2141899	8.831e-05	1.343e-04	8.380e-04	1.30
NODE_0000329	1.319e-05	2.867e-22	6.448e-04	1.00
EPI_ISL_2141903	7.512e-05	6.715e-05	5.347e-04	0.83
NODE_0000330	2.610e-05	2.867e-22	6.448e-04	1.00
EPI_ISL_2141762	2.428e-05	2.563e-22	1.325e-04	0.21
EPI_ISL_2141684	1.545e-05	3.358e-05	4.847e-04	0.75
NODE_0000826	1.206e-05	3.350e-05	6.794e-04	1.05
EPI_ISL_2141909	7.448e-05	6.715e-05	5.621e-04	0.87
NODE_0000827	1.652e-05	3.350e-05	7.133e-04	1.11
EPI_ISL_2141682	3.146e-05	1.007e-04	8.885e-04	1.38
EPI_ISL_2141907	5.796e-05	3.358e-05	4.073e-04	0.63
NODE_0000829	3.142e-05	1.006e-04	9.009e-04	1.40
NODE_0000830	2.452e-04	3.018e-04	7.808e-04	1.21
EPI_ISL_8527347	9.638e-05	1.009e-04	7.014e-04	1.09
EPI_ISL_8527352	8.578e-05	3.360e-05	3.731e-04	0.58
EPI_ISL_8514993	7.165e-05	1.008e-04	8.139e-04	1.26
NODE_0000832	3.879e-05	1.006e-04	8.984e-04	1.39
NODE_0000833	3.294e-05	6.704e-05	7.978e-04	1.24
EPI_ISL_4548647	9.500e-05	3.360e-05	2.985e-04	0.46
NODE_0000834	4.677e-05	1.006e-04	8.826e-04	1.37
EPI_ISL_4548648	3.939e-05	1.008e-04	8.981e-04	1.39
EPI_ISL_4548650	4.823e-05	3.360e-05	5.272e-04	0.82
NODE_0000835	1.499e-04	3.018e-04	9.963e-04	1.55
EPI_ISL_8514994	1.282e-04	1.008e-04	6.334e-04	0.98
NODE_0000836	8.514e-05	1.006e-04	8.404e-04	1.30
EPI_ISL_8514997	3.242e-05	6.722e-05	8.047e-04	1.25
EPI_ISL_8514995	4.302e-05	3.361e-05	5.724e-04	0.89
NODE_0000545	1.765e-05	3.350e-05	6.924e-04	1.07
EPI_ISL_804424	9.628e-05	6.715e-05	7.636e-04	1.18
EPI_ISL_461265	9.980e-05	1.007e-04	8.840e-04	1.37
EPI_ISL_523575	1.245e-04	1.007e-04	7.861e-04	1.22
EPI_ISL_461140	1.368e-04	1.343e-04	8.654e-04	1.34
EPI_ISL_461232	1.421e-04	1.343e-04	8.429e-04	1.31
EPI_ISL_523203	1.685e-04	1.679e-04	8.529e-04	1.32
EPI_ISL_2708998	1.051e-04	1.009e-04	8.680e-04	1.35
EPI_ISL_1035698	9.276e-05	1.679e-04	1.046e-03	1.62
NODE_0000552	7.551e-05	6.700e-05	8.076e-04	1.25
EPI_ISL_422569	1.197e-05	2.606e-22	6.328e-04	0.98
EPI_ISL_455118	1.901e-05	3.357e-05	7.130e-04	1.11
NODE_0000571	6.610e-05	1.005e-04	8.969e-04	1.39
EPI_ISL_461264	2.137e-05	3.357e-05	6.970e-04	1.08
EPI_ISL_636526	6.894e-05	3.357e-05	5.250e-04	0.81
NODE_0000589	1.615e-04	2.010e-04	9.829e-04	1.52
EPI_ISL_2731388	0.000e+00	2.453e-22	6.448e-04	1.00
EPI_ISL_2731389	1.233e-05	2.461e-22	5.770e-04	0.89
NODE_0000593	5.465e-05	3.350e-05	7.103e-04	1.10
EPI_ISL_422635	3.987e-05	3.357e-05	6.992e-04	1.08
EPI_ISL_422952	3.282e-05	3.357e-05	7.166e-04	1.11
NODE_0000594	8.902e-05	1.005e-04	8.857e-04	1.37
EPI_ISL_461367	2.308e-05	1.008e-04	8.957e-04	1.39
EPI_ISL_523498	1.779e-05	3.357e-05	6.087e-04	0.94
NODE_0000599	4.133e-05	3.350e-05	7.071e-04	1.10
EPI_ISL_455246	1.791e-05	3.357e-05	7.095e-04	1.10
EPI_ISL_461130	3.821e-06	2.556e-22	6.142e-04	0.95
NODE_0000334	3.634e-05	2.940e-22	5.693e-04	0.88
EPI_ISL_422960	0.000e+00	2.266e-18	6.092e-04	0.94
EPI_ISL_422605	5.285e-06	2.266e-18	5.601e-04	0.87
NODE_0000602	4.933e-05	3.350e-05	7.020e-04	1.09
EPI_ISL_455298	5.752e-05	6.716e-05	8.092e-04	1.25
NODE_0000603	6.906e-05	3.350e-05	5.392e-04	0.84
EPI_ISL_460831	6.078e-06	2.258e-18	6.448e-04	1.00
NODE_0000604	3.141e-05	3.350e-05	7.168e-04	1.11
EPI_ISL_523407	2.929e-05	3.357e-05	6.330e-04	0.98
EPI_ISL_523367	2.224e-05	3.357e-05	6.735e-04	1.04
NODE_0000338	9.906e-06	2.922e-22	5.081e-04	0.79
EPI_ISL_523550	1.586e-05	2.597e-22	5.398e-04	0.84
EPI_ISL_523307	0.000e+00	2.597e-22	6.448e-04	1.00
NODE_0000608	2.037e-05	6.701e-05	8.080e-04	1.25
EPI_ISL_523368	5.396e-06	2.628e-22	6.448e-04	1.00
EPI_ISL_523371	5.396e-06	2.628e-22	6.448e-04	1.00
EPI_ISL_523369	5.396e-06	2.611e-22	6.448e-04	1.00
NODE_0000340	3.011e-06	2.947e-22	6.312e-04	0.98
EPI_ISL_523374	7.670e-06	2.628e-22	6.448e-04	1.00
NODE_0000342	7.668e-06	2.947e-22	6.312e-04	0.98
EPI_ISL_523568	5.287e-06	2.440e-22	6.448e-04	1.00
NODE_0000343	9.963e-06	2.947e-22	6.443e-04	1.00
EPI_ISL_636566	3.937e-05	2.628e-22	2.655e-04	0.41
EPI_ISL_523680	5.875e-05	6.715e-05	6.956e-04	1.08
NODE_0000615	7.873e-06	3.350e-05	7.087e-04	1.10
EPI_ISL_523377	8.094e-06	2.631e-22	6.448e-04	1.00
EPI_ISL_523672	6.623e-05	2.631e-22	1.784e-04	0.28
NODE_0000617	1.863e-05	3.350e-05	6.943e-04	1.08
EPI_ISL_523668	4.761e-05	2.619e-22	3.609e-04	0.56
NODE_0000618	2.955e-05	3.350e-05	7.021e-04	1.09
EPI_ISL_523676	2.158e-05	2.623e-22	5.872e-04	0.91
EPI_ISL_523684	2.158e-05	3.357e-05	7.112e-04	1.10
NODE_0000349	4.756e-06	2.949e-22	6.401e-04	0.99
NODE_0000350	1.059e-05	2.949e-22	6.448e-04	1.00
NODE_0000351	1.542e-05	2.949e-22	6.448e-04	1.00
NODE_0000352	2.196e-05	2.949e-22	6.448e-04	1.00
EPI_ISL_460830	4.531e-05	3.357e-05	5.750e-04	0.89
EPI_ISL_422942	3.298e-05	3.357e-05	6.523e-04	1.01
NODE_0000353	2.222e-05	2.949e-22	6.448e-04	1.00
EPI_ISL_804397	3.978e-05	3.357e-05	6.089e-04	0.94
EPI_ISL_804413	3.273e-05	3.357e-05	6.523e-04	1.01
NODE_0000354	1.313e-05	2.949e-22	6.448e-04	1.00
NODE_0000355	1.638e-05	2.949e-22	6.448e-04	1.00
EPI_ISL_461063	3.909e-05	3.357e-05	6.624e-04	1.03
NODE_0000576	3.909e-05	3.350e-05	6.608e-04	1.02
EPI_ISL_422735	0.000e+00	2.619e-22	6.448e-04	1.00
EPI_ISL_523402	6.519e-05	3.357e-05	4.660e-04	0.72
NODE_0000357	1.988e-05	2.949e-22	6.448e-04	1.00
EPI_ISL_455241	6.202e-05	6.715e-05	7.104e-04	1.10
NODE_0000601	1.135e-04	1.005e-04	7.221e-04	1.12
EPI_ISL_523358	4.880e-06	2.269e-18	4.223e-04	0.65
EPI_ISL_523359	8.403e-06	3.357e-05	6.804e-04	1.06
NODE_0000359	7.024e-06	2.949e-22	6.447e-04	1.00
NODE_0000360	1.129e-05	2.949e-22	6.448e-04	1.00
NODE_0000361	2.295e-05	2.949e-22	6.448e-04	1.00
EPI_ISL_2708995	5.202e-05	3.364e-05	5.789e-04	0.90
EPI_ISL_455144	5.554e-05	3.357e-05	5.559e-04	0.86
NODE_0000363	1.421e-05	2.949e-22	6.448e-04	1.00
EPI_ISL_461074	1.101e-04	6.715e-05	5.325e-04	0.83
NODE_0000581	2.746e-05	3.350e-05	7.052e-04	1.09
NODE_0000582	2.978e-05	3.350e-05	7.138e-04	1.11
EPI_ISL_461078	0.000e+00	2.611e-22	6.448e-04	1.00
EPI_ISL_636554	2.467e-05	2.611e-22	4.364e-04	0.68
NODE_0000585	4.036e-05	3.350e-05	6.749e-04	1.05
EPI_ISL_455235	0.000e+00	2.625e-22	6.448e-04	1.00
EPI_ISL_455236	1.762e-06	2.610e-22	6.433e-04	1.00
NODE_0000369	2.978e-05	2.940e-22	6.125e-04	0.95
EPI_ISL_461076	0.000e+00	2.266e-18	5.840e-04	0.91
EPI_ISL_636542	0.000e+00	2.266e-18	5.840e-04	0.91
NODE_0000370	9.144e-06	2.949e-22	6.448e-04	1.00
NODE_0000371	1.296e-05	2.949e-22	6.448e-04	1.00
NODE_0000374	2.024e-05	2.949e-22	6.448e-04	1.00
EPI_ISL_455206	3.335e-05	3.357e-05	6.470e-04	1.00
EPI_ISL_2708989	3.863e-05	3.364e-05	6.148e-04	0.95
NODE_0000375	2.072e-05	2.949e-22	6.448e-04	1.00
EPI_ISL_461163	3.463e-05	3.357e-05	6.364e-04	0.99
EPI_ISL_547484	3.287e-05	3.357e-05	6.470e-04	1.00
NODE_0000377	9.020e-06	2.949e-22	6.443e-04	1.00
NODE_0000378	1.430e-05	2.949e-22	6.448e-04	1.00
EPI_ISL_461167	6.789e-05	6.715e-05	7.111e-04	1.10
NODE_0000580	3.716e-05	3.350e-05	6.855e-04	1.06
EPI_ISL_461157	2.551e-06	2.627e-22	6.407e-04	0.99
EPI_ISL_1035605	1.312e-05	3.357e-05	7.157e-04	1.11
NODE_0000380	1.907e-05	2.949e-22	3.981e-04	0.62
NODE_0000381	6.282e-05	2.949e-22	6.448e-04	1.00
EPI_ISL_461172	9.107e-06	3.357e-05	6.217e-04	0.96
EPI_ISL_547521	9.107e-06	3.357e-05	6.217e-04	0.96
NODE_0000383	1.454e-05	2.949e-22	6.447e-04	1.00
NODE_0000384	2.568e-05	2.949e-22	6.426e-04	1.00
EPI_ISL_461254	0.000e+00	2.577e-22	6.302e-04	0.98
EPI_ISL_455129	8.809e-06	2.630e-22	5.569e-04	0.86
NODE_0000385	1.391e-05	2.949e-22	6.448e-04	1.00
NODE_0000386	2.058e-05	2.949e-22	6.446e-04	1.00
EPI_ISL_2708994	0.000e+00	2.204e-18	5.406e-04	0.84
EPI_ISL_2709000	7.047e-06	2.471e-22	4.595e-04	0.71
NODE_0000387	3.482e-05	2.949e-22	6.448e-04	1.00
EPI_ISL_460733	1.618e-06	3.357e-05	6.668e-04	1.03
EPI_ISL_804387	3.509e-05	2.630e-22	1.486e-04	0.23
NODE_0000619	4.162e-05	3.350e-05	6.881e-04	1.07
EPI_ISL_455179	6.875e-05	6.715e-05	7.245e-04	1.12
NODE_0000620	7.549e-05	3.350e-05	6.911e-04	1.07
EPI_ISL_523000	2.674e-05	1.007e-04	7.532e-04	1.17
NODE_0000646	6.273e-06	3.350e-05	7.089e-04	1.10
EPI_ISL_523028	2.047e-05	3.357e-05	4.847e-04	0.75
EPI_ISL_431778	1.342e-05	2.614e-22	1.941e-04	0.30
EPI_ISL_522997	2.047e-05	2.614e-22	1.629e-04	0.25
EPI_ISL_522999	2.047e-05	1.007e-04	8.503e-04	1.32
NODE_0000650	1.408e-05	3.350e-05	7.083e-04	1.10
EPI_ISL_522994	6.391e-06	6.715e-05	7.969e-04	1.24
NODE_0000652	6.391e-06	6.701e-05	7.982e-04	1.24
EPI_ISL_447624	1.762e-06	2.196e-18	6.407e-04	0.99
EPI_ISL_523004	0.000e+00	2.604e-22	6.442e-04	1.00
NODE_0000393	6.391e-06	2.930e-22	3.816e-04	0.59
EPI_ISL_523016	0.000e+00	2.609e-22	5.999e-04	0.93
EPI_ISL_447626	1.762e-06	2.619e-22	5.840e-04	0.91
NODE_0000622	6.875e-06	3.350e-05	7.158e-04	1.11
NODE_0000623	2.259e-05	1.340e-04	9.603e-04	1.49
EPI_ISL_523095	1.137e-05	3.358e-05	7.105e-04	1.10
EPI_ISL_523093	1.137e-05	3.361e-05	7.106e-04	1.10
NODE_0000396	7.399e-06	2.518e-18	5.015e-04	0.78
EPI_ISL_461202	3.921e-05	2.524e-22	3.068e-04	0.48
NODE_0000397	3.972e-06	2.518e-18	6.448e-04	1.00
EPI_ISL_523091	0.000e+00	2.584e-22	6.417e-04	1.00
EPI_ISL_447634	0.000e+00	2.584e-22	6.417e-04	1.00
NODE_0000627	7.138e-06	3.350e-05	6.771e-04	1.05
EPI_ISL_523003	1.273e-05	3.357e-05	6.226e-04	0.97
EPI_ISL_523022	1.273e-05	3.359e-05	6.227e-04	0.97
NODE_0000629	1.273e-05	3.350e-05	6.387e-04	0.99
EPI_ISL_447625	1.762e-06	2.269e-18	6.342e-04	0.98
EPI_ISL_523010	0.000e+00	2.269e-18	6.407e-04	0.99
NODE_0000400	1.273e-05	2.952e-22	4.003e-04	0.62
EPI_ISL_523001	0.000e+00	2.633e-22	5.840e-04	0.91
EPI_ISL_1265358	6.166e-05	2.633e-22	1.252e-04	0.19
NODE_0000630	4.171e-05	6.700e-05	5.980e-04	0.93
EPI_ISL_523114	3.092e-05	2.633e-22	5.080e-04	0.79
EPI_ISL_523115	3.092e-05	3.359e-05	7.162e-04	1.11
NODE_0000631	3.092e-05	3.350e-05	7.152e-04	1.11
EPI_ISL_1265359	1.762e-06	2.269e-18	6.433e-04	1.00
EPI_ISL_523113	0.000e+00	2.269e-18	6.448e-04	1.00
NODE_0000637	3.159e-05	6.701e-05	6.762e-04	1.05
NODE_0000404	4.104e-05	2.936e-22	4.637e-04	0.72
EPI_ISL_523117	0.000e+00	2.619e-22	5.840e-04	0.91
EPI_ISL_1265357	1.762e-06	2.619e-22	5.666e-04	0.88
NODE_0000639	7.157e-06	3.350e-05	7.149e-04	1.11
EPI_ISL_523007	4.446e-05	3.357e-05	6.978e-04	1.08
EPI_ISL_523284	3.741e-05	3.357e-05	7.162e-04	1.11
EPI_ISL_523006	4.446e-05	2.606e-22	4.269e-04	0.66
EPI_ISL_523009	4.446e-05	6.715e-05	8.141e-04	1.26
EPI_ISL_523005	4.446e-05	3.357e-05	6.978e-04	1.08
EPI_ISL_523282	3.741e-05	3.357e-05	7.162e-04	1.11
EPI_ISL_523285	3.741e-05	3.358e-05	7.162e-04	1.11
NODE_0000654	3.300e-05	1.340e-04	9.814e-04	1.52
EPI_ISL_447633	7.838e-06	2.560e-22	2.039e-04	0.32
EPI_ISL_523014	7.655e-05	6.715e-05	4.373e-04	0.68
EPI_ISL_523385	7.831e-05	2.560e-22	6.448e-05	0.10
EPI_ISL_523096	7.838e-06	6.715e-05	7.433e-04	1.15
NODE_0000655	1.943e-05	3.350e-05	6.751e-04	1.05
EPI_ISL_1265356	2.365e-05	6.715e-05	7.194e-04	1.12
EPI_ISL_523015	5.712e-05	3.358e-05	3.477e-04	0.54
NODE_0000665	7.473e-05	1.341e-04	7.299e-04	1.13
EPI_ISL_523053	4.587e-05	2.516e-22	2.490e-04	0.39
EPI_ISL_523059	4.587e-05	6.715e-05	7.768e-04	1.20
NODE_0000666	7.920e-05	3.350e-05	2.234e-04	0.35
NODE_0000667	4.140e-05	3.350e-05	7.019e-04	1.09
EPI_ISL_523052	0.000e+00	2.542e-22	6.407e-04	0.99
EPI_ISL_523054	0.000e+00	2.542e-22	6.407e-04	0.99
NODE_0000411	4.140e-05	2.889e-22	4.434e-04	0.69
EPI_ISL_523060	0.000e+00	2.547e-22	6.407e-04	0.99
EPI_ISL_523056	0.000e+00	2.547e-22	6.407e-04	0.99
NODE_0000658	1.942e-05	6.702e-05	7.505e-04	1.16
EPI_ISL_1265355	2.365e-05	6.715e-05	8.037e-04	1.25
NODE_0000659	1.066e-05	3.352e-05	6.801e-04	1.05
EPI_ISL_523032	5.880e-05	6.720e-05	7.396e-04	1.15
NODE_0000660	3.721e-05	3.353e-05	6.886e-04	1.07
EPI_ISL_523029	2.158e-05	3.367e-05	6.967e-04	1.08
EPI_ISL_523030	2.158e-05	2.266e-18	4.223e-04	0.65
EPI_ISL_523033	2.158e-05	3.360e-05	6.963e-04	1.08
NODE_0000671	2.017e-05	3.350e-05	5.276e-04	0.82
EPI_ISL_523012	5.638e-05	3.359e-05	4.548e-04	0.71
NODE_0000672	5.424e-05	6.701e-05	6.741e-04	1.05
EPI_ISL_523067	4.618e-05	6.717e-05	7.768e-04	1.20
EPI_ISL_523065	4.618e-05	3.358e-05	5.865e-04	0.91
EPI_ISL_523381	4.442e-05	2.550e-22	2.610e-04	0.40
EPI_ISL_523063	4.618e-05	3.358e-05	5.865e-04	0.91
EPI_ISL_523380	4.442e-05	3.358e-05	5.978e-04	0.93
EPI_ISL_577749	9.904e-05	1.008e-04	6.878e-04	1.07
EPI_ISL_523064	4.618e-05	3.358e-05	5.865e-04	0.91
NODE_0000679	6.768e-05	1.676e-04	9.450e-04	1.47
EPI_ISL_577787	6.131e-05	3.358e-05	6.715e-04	1.04
EPI_ISL_577773	4.898e-05	3.358e-05	7.157e-04	1.11
EPI_ISL_577764	4.722e-05	3.369e-05	7.177e-04	1.11
NODE_0000698	4.108e-05	3.351e-05	6.736e-04	1.04
EPI_ISL_577799	3.432e-05	3.359e-05	7.171e-04	1.11
EPI_ISL_577801	3.432e-05	2.487e-22	5.515e-04	0.86
NODE_0000701	7.763e-05	1.676e-04	1.054e-03	1.63
EPI_ISL_632429	3.477e-05	1.008e-04	8.846e-04	1.37
EPI_ISL_632439	7.177e-05	1.344e-04	9.582e-04	1.49
NODE_0000420	1.581e-05	2.844e-22	4.551e-04	0.71
NODE_0000421	1.148e-05	2.844e-22	6.429e-04	1.00
EPI_ISL_722413	2.158e-05	2.494e-22	5.381e-04	0.83
NODE_0000422	7.489e-06	2.844e-22	6.448e-04	1.00
EPI_ISL_632428	0.000e+00	2.347e-22	6.430e-04	1.00
EPI_ISL_632430	0.000e+00	2.494e-22	6.430e-04	1.00
NODE_0000702	3.982e-05	3.352e-05	6.990e-04	1.08
EPI_ISL_722418	2.848e-05	3.360e-05	6.873e-04	1.07
EPI_ISL_632434	2.922e-07	2.481e-22	6.448e-04	1.00
NODE_0000424	2.848e-05	2.836e-22	3.994e-04	0.62
EPI_ISL_722416	0.000e+00	2.233e-22	6.448e-04	1.00
EPI_ISL_722414	0.000e+00	2.481e-22	6.448e-04	1.00
NODE_0000433	1.133e-05	2.876e-22	6.448e-04	1.00
EPI_ISL_577808	6.407e-05	3.366e-05	5.863e-04	0.91
NODE_0000443	1.426e-05	2.876e-22	6.448e-04	1.00
EPI_ISL_577800	4.982e-05	3.358e-05	5.858e-04	0.91
NODE_0000426	7.699e-06	2.876e-22	5.426e-04	0.84
NODE_0000427	1.393e-05	2.876e-22	6.434e-04	1.00
EPI_ISL_577767	0.000e+00	2.492e-22	6.448e-04	1.00
EPI_ISL_577772	1.762e-06	2.532e-22	6.433e-04	1.00
NODE_0000429	1.069e-05	2.876e-22	3.696e-04	0.57
NODE_0000430	3.495e-05	2.876e-22	6.421e-04	1.00
EPI_ISL_577809	0.000e+00	2.367e-22	6.448e-04	1.00
EPI_ISL_577810	0.000e+00	2.399e-22	6.448e-04	1.00
NODE_0000431	3.378e-05	2.876e-22	6.089e-04	0.94
NODE_0000432	9.107e-06	2.876e-22	6.448e-04	1.00
EPI_ISL_632455	2.554e-05	3.358e-05	6.921e-04	1.07
NODE_0000710	8.698e-05	1.005e-04	7.462e-04	1.16
EPI_ISL_722450	1.079e-05	3.358e-05	7.171e-04	1.11
EPI_ISL_722448	1.079e-05	3.358e-05	7.171e-04	1.11
EPI_ISL_722449	1.079e-05	2.505e-22	5.515e-04	0.86
NODE_0000434	2.671e-06	2.876e-22	6.006e-04	0.93
NODE_0000436	1.119e-05	2.876e-22	5.880e-04	0.91
NODE_0000437	1.452e-05	2.876e-22	6.443e-04	1.00
EPI_ISL_722437	4.151e-05	3.358e-05	6.182e-04	0.96
NODE_0000438	2.217e-05	2.876e-22	6.446e-04	1.00
EPI_ISL_632486	2.110e-05	3.358e-05	6.109e-04	0.95
EPI_ISL_722439	2.110e-05	3.361e-05	6.111e-04	0.95
NODE_0000439	8.592e-06	2.876e-22	6.427e-04	1.00
NODE_0000440	1.034e-05	2.876e-22	6.440e-04	1.00
EPI_ISL_632450	9.779e-08	2.532e-22	6.443e-04	1.00
EPI_ISL_632453	1.860e-06	2.529e-22	6.409e-04	0.99
NODE_0000441	9.620e-06	2.876e-22	6.441e-04	1.00
EPI_ISL_632454	2.578e-06	2.423e-22	6.407e-04	0.99
EPI_ISL_632488	3.958e-05	3.358e-05	6.214e-04	0.96
NODE_0000442	1.110e-05	2.876e-22	6.448e-04	1.00
NODE_0000695	4.378e-05	3.351e-05	6.174e-04	0.96
EPI_ISL_632484	0.000e+00	2.514e-22	6.448e-04	1.00
EPI_ISL_722420	1.409e-05	2.539e-22	5.589e-04	0.87
NODE_0000712	2.968e-05	3.351e-05	6.947e-04	1.08
EPI_ISL_722446	1.762e-05	3.358e-05	7.172e-04	1.11
EPI_ISL_722440	2.995e-05	2.519e-22	3.807e-04	0.59
EPI_ISL_632456	0.000e+00	2.519e-22	6.448e-04	1.00
EPI_ISL_632457	0.000e+00	2.410e-22	6.448e-04	1.00
EPI_ISL_632458	0.000e+00	2.377e-22	6.448e-04	1.00
EPI_ISL_632492	2.467e-05	3.360e-05	7.017e-04	1.09
NODE_0000718	2.819e-05	6.702e-05	8.141e-04	1.26
EPI_ISL_632489	0.000e+00	2.492e-22	6.448e-04	1.00
EPI_ISL_632490	0.000e+00	2.372e-22	6.448e-04	1.00
NODE_0000053	1.801e-04	1.005e-04	8.979e-04	1.39
NODE_0000089	5.948e-04	6.709e-04	7.180e-04	1.11
EPI_ISL_3218557	1.307e-04	1.346e-04	5.374e-04	0.83
EPI_ISL_2801426	1.431e-04	3.368e-04	1.052e-03	1.63
NODE_0000099	1.236e-04	2.011e-04	7.479e-04	1.16
NODE_0000100	3.145e-05	1.005e-04	7.973e-04	1.24
EPI_ISL_616490	3.580e-05	6.715e-05	8.109e-04	1.26
EPI_ISL_617635	2.346e-05	3.358e-05	7.109e-04	1.10
NODE_0000101	1.258e-04	1.340e-04	6.105e-04	0.95
EPI_ISL_641414	6.479e-05	2.015e-04	1.106e-03	1.72
EPI_ISL_625895	6.479e-05	1.343e-04	9.142e-04	1.42
NODE_0000452	5.950e-05	2.855e-22	1.415e-04	0.22
EPI_ISL_683215	0.000e+00	2.496e-22	6.372e-04	0.99
EPI_ISL_641399	1.057e-05	2.492e-22	5.546e-04	0.86
NODE_0000090	7.679e-05	2.346e-04	1.009e-03	1.57
EPI_ISL_625756	2.374e-04	2.688e-04	6.688e-04	1.04
NODE_0000091	1.109e-04	2.681e-04	1.029e-03	1.60
EPI_ISL_615616	4.015e-05	6.716e-05	7.970e-04	1.24
NODE_0000092	6.151e-05	6.701e-05	7.578e-04	1.18
EPI_ISL_641419	4.735e-05	2.134e-18	1.737e-04	0.27
EPI_ISL_641420	4.735e-05	1.345e-04	9.707e-04	1.51
NODE_0000094	7.031e-05	1.005e-04	7.902e-04	1.23
EPI_ISL_683175	2.637e-05	6.716e-05	8.115e-04	1.26
EPI_ISL_683176	2.637e-05	3.358e-05	6.597e-04	1.02
NODE_0000457	2.539e-05	2.819e-22	6.364e-04	0.99
EPI_ISL_683177	9.718e-07	2.448e-22	3.864e-04	0.60
NODE_0000097	2.181e-05	3.351e-05	6.596e-04	1.02
EPI_ISL_711687	9.108e-06	3.358e-05	6.962e-04	1.08
EPI_ISL_711816	9.108e-06	2.428e-22	4.223e-04	0.65
NODE_0000073	1.929e-05	3.350e-05	7.115e-04	1.10
NODE_0000074	5.823e-05	1.005e-04	6.530e-04	1.01
EPI_ISL_1124134	2.984e-04	4.031e-04	7.907e-04	1.23
NODE_0000075	1.524e-04	2.011e-04	7.065e-04	1.10
EPI_ISL_620004	4.730e-05	1.343e-04	9.800e-04	1.52
NODE_0000462	1.884e-05	2.487e-18	6.315e-04	0.98
EPI_ISL_620237	2.846e-05	3.358e-05	5.667e-04	0.88
NODE_0000077	4.770e-05	3.350e-05	4.740e-04	0.74
EPI_ISL_683216	1.248e-05	3.358e-05	7.176e-04	1.11
NODE_0000464	1.027e-05	2.875e-22	5.297e-04	0.82
EPI_ISL_683218	2.212e-06	2.526e-22	6.448e-04	1.00
EPI_ISL_683217	2.212e-06	2.526e-22	6.448e-04	1.00
NODE_0000079	2.805e-04	6.036e-04	1.111e-03	1.72
NODE_0000080	7.928e-05	1.676e-04	8.894e-04	1.38
EPI_ISL_984307	9.910e-05	1.343e-04	8.315e-04	1.29
NODE_0000081	9.013e-05	3.350e-05	3.830e-04	0.59
EPI_ISL_984305	8.971e-06	2.361e-22	5.479e-04	0.85
EPI_ISL_1034274	1.957e-05	3.361e-05	6.979e-04	1.08
NODE_0000082	1.991e-05	3.350e-05	6.654e-04	1.03
EPI_ISL_732949	3.326e-05	3.358e-05	5.556e-04	0.86
NODE_0000083	2.440e-05	3.350e-05	7.108e-04	1.10
EPI_ISL_732952	8.859e-06	2.343e-22	3.907e-04	0.61
EPI_ISL_732953	8.859e-06	2.257e-22	3.907e-04	0.61
EPI_ISL_732957	8.859e-06	2.343e-22	3.907e-04	0.61
NODE_0000084	6.447e-06	3.350e-05	7.159e-04	1.11
EPI_ISL_732951	2.412e-06	2.330e-22	5.516e-04	0.86
EPI_ISL_732954	2.412e-06	3.358e-05	7.171e-04	1.11
NODE_0000471	7.134e-06	2.935e-22	6.448e-04	1.00
NODE_0000054	2.021e-05	3.350e-05	5.557e-04	0.86
NODE_0000056	9.912e-04	1.311e-03	8.541e-04	1.32
EPI_ISL_9047305	6.206e-05	6.736e-05	6.084e-04	0.94
NODE_0000057	2.687e-04	2.686e-04	5.985e-04	0.93
EPI_ISL_9414678	1.386e-04	1.010e-04	6.448e-04	1.00
EPI_ISL_9414679	6.440e-05	3.365e-05	6.448e-04	1.00
NODE_0000059	1.012e-04	6.711e-05	6.448e-04	1.00
EPI_ISL_9272010	1.038e-04	6.736e-05	6.448e-04	1.00
EPI_ISL_9795013	1.242e-04	1.011e-04	6.448e-04	1.00
EPI_ISL_9414680	2.857e-05	2.553e-22	6.448e-04	1.00
NODE_0000062	6.701e-05	3.355e-05	6.448e-04	1.00
EPI_ISL_9982829	1.633e-04	1.347e-04	6.448e-04	1.00
EPI_ISL_9428788	9.230e-05	6.732e-05	6.448e-04	1.00
NODE_0000477	6.335e-06	2.936e-22	6.448e-04	1.00
EPI_ISL_2825487	4.922e-04	5.388e-04	6.536e-04	1.01
NODE_0000063	2.721e-04	1.675e-04	3.862e-04	0.60
NODE_0000065	5.125e-05	1.005e-04	8.978e-04	1.39
EPI_ISL_4518087	2.077e-04	1.343e-04	3.983e-04	0.62
NODE_0000066	1.859e-05	3.350e-05	7.150e-04	1.11
EPI_ISL_1502687	1.785e-04	5.376e-04	1.347e-03	2.09
EPI_ISL_1062936	9.020e-05	1.343e-04	6.691e-04	1.04
NODE_0000481	1.376e-05	2.921e-22	6.377e-04	0.99
EPI_ISL_1239751	1.975e-04	1.346e-04	4.100e-04	0.64
NODE_0000067	3.516e-05	3.351e-05	6.991e-04	1.08
EPI_ISL_1393992	1.871e-04	1.679e-04	4.991e-04	0.77
NODE_0000068	2.733e-05	1.005e-04	8.414e-04	1.30
EPI_ISL_1539187	1.492e-04	3.358e-05	1.803e-04	0.28
NODE_0000069	1.627e-05	3.350e-05	7.165e-04	1.11
EPI_ISL_1539193	1.382e-04	3.358e-05	1.959e-04	0.30
EPI_ISL_1168331	1.046e-04	2.024e-04	9.538e-04	1.48
NODE_0000071	8.871e-05	1.340e-04	8.327e-04	1.29
EPI_ISL_1168294	0.000e+00	2.343e-22	5.852e-04	0.91
EPI_ISL_1201594	1.590e-05	3.367e-05	6.913e-04	1.07
NODE_0000104	1.218e-05	6.700e-05	4.136e-04	0.64
NODE_0000487	6.658e-06	2.918e-22	3.704e-04	0.57
NODE_0000491	4.158e-05	2.918e-22	6.448e-04	1.00
EPI_ISL_618092	0.000e+00	2.587e-22	6.407e-04	0.99
EPI_ISL_618043	0.000e+00	2.591e-22	6.407e-04	0.99
NODE_0000492	2.081e-05	2.918e-22	5.972e-04	0.93
NODE_0000493	2.841e-05	2.918e-22	6.408e-04	0.99
EPI_ISL_626350	8.211e-06	2.591e-22	6.288e-04	0.98
EPI_ISL_626351	8.211e-06	2.243e-18	6.288e-04	0.98
NODE_0000495	2.864e-05	2.918e-22	6.412e-04	0.99
EPI_ISL_626342	2.698e-06	2.591e-22	6.446e-04	1.00
EPI_ISL_626349	7.983e-06	2.579e-22	6.280e-04	0.97
NODE_0000110	2.237e-06	3.351e-05	7.169e-04	1.11
EPI_ISL_618066	4.600e-05	3.357e-05	7.171e-04	1.11
EPI_ISL_618071	4.600e-05	3.357e-05	7.171e-04	1.11
EPI_ISL_618117	5.833e-05	3.357e-05	6.783e-04	1.05
EPI_ISL_626343	5.657e-05	3.357e-05	6.867e-04	1.06
EPI_ISL_618169	8.300e-05	6.715e-05	7.343e-04	1.14
NODE_0000131	4.060e-05	3.350e-05	7.164e-04	1.11
EPI_ISL_622265	1.773e-05	3.357e-05	7.174e-04	1.11
EPI_ISL_618072	5.396e-06	2.581e-22	6.407e-04	0.99
NODE_0000515	5.952e-06	2.909e-22	6.448e-04	1.00
EPI_ISL_618150	6.471e-05	3.358e-05	6.056e-04	0.94
NODE_0000498	1.746e-06	2.909e-22	6.445e-04	1.00
EPI_ISL_618295	1.123e-04	3.357e-05	3.487e-04	0.54
NODE_0000499	-6.186e-07	2.909e-22	6.137e-04	0.95
NODE_0000500	1.292e-05	2.909e-22	6.391e-04	0.99
EPI_ISL_618189	7.533e-05	3.357e-05	5.268e-04	0.82
NODE_0000501	3.601e-05	2.909e-22	6.448e-04	1.00
EPI_ISL_626341	2.698e-05	2.577e-22	2.695e-04	0.42
EPI_ISL_618170	2.698e-05	3.357e-05	6.053e-04	0.94
NODE_0000503	7.143e-06	2.909e-22	6.428e-04	1.00
NODE_0000504	1.145e-05	2.909e-22	6.431e-04	1.00
EPI_ISL_622269	4.499e-05	2.269e-22	3.842e-04	0.60
NODE_0000506	8.048e-06	2.909e-22	6.445e-04	1.00
EPI_ISL_618161	3.694e-05	2.577e-22	3.932e-04	0.61
NODE_0000507	1.228e-05	2.909e-22	6.443e-04	1.00
EPI_ISL_671262	0.000e+00	2.574e-22	6.402e-04	0.99
EPI_ISL_618046	0.000e+00	2.485e-22	6.402e-04	0.99
NODE_0000508	1.191e-05	2.909e-22	5.718e-04	0.89
NODE_0000510	1.951e-05	2.909e-22	6.364e-04	0.99
EPI_ISL_622277	2.502e-05	2.545e-22	5.544e-04	0.86
NODE_0000511	9.990e-06	2.909e-22	6.448e-04	1.00
EPI_ISL_618116	2.698e-06	2.577e-22	6.425e-04	1.00
EPI_ISL_622272	2.698e-06	2.577e-22	6.425e-04	1.00
NODE_0000512	8.101e-06	2.909e-22	6.423e-04	1.00
EPI_ISL_714932	3.643e-05	2.567e-22	5.339e-04	0.83
NODE_0000514	2.129e-05	2.909e-22	6.422e-04	1.00
EPI_ISL_626340	8.094e-06	2.577e-22	6.210e-04	0.96
EPI_ISL_626345	1.047e-06	2.577e-22	6.448e-04	1.00
NODE_0000132	1.080e-04	1.006e-04	7.018e-04	1.09
EPI_ISL_3050761	7.365e-05	6.722e-05	7.128e-04	1.11
EPI_ISL_641513	5.427e-05	6.722e-05	7.972e-04	1.24
NODE_0000206	1.769e-04	2.012e-04	7.817e-04	1.21
EPI_ISL_683077	2.010e-05	2.523e-22	5.546e-04	0.86
EPI_ISL_683076	2.010e-05	3.361e-05	7.170e-04	1.11
NODE_0000154	4.898e-05	6.704e-05	8.083e-04	1.25
EPI_ISL_641516	1.550e-04	2.018e-04	8.314e-04	1.29
EPI_ISL_617578	0.000e+00	2.531e-22	6.448e-04	1.00
EPI_ISL_641509	5.285e-06	2.523e-22	6.312e-04	0.98
NODE_0000157	2.546e-05	3.352e-05	7.089e-04	1.10
EPI_ISL_3050757	2.881e-05	2.554e-22	5.186e-04	0.80
EPI_ISL_3050756	2.881e-05	3.361e-05	7.172e-04	1.11
EPI_ISL_3050755	2.881e-05	3.361e-05	7.172e-04	1.11
NODE_0000139	2.969e-05	1.341e-04	9.773e-04	1.52
NODE_0000142	5.996e-05	6.704e-05	7.915e-04	1.23
EPI_ISL_641479	2.099e-05	2.514e-22	5.546e-04	0.86
EPI_ISL_641480	2.099e-05	6.722e-05	7.765e-04	1.20
NODE_0000521	6.383e-05	2.487e-18	2.911e-04	0.45
EPI_ISL_641491	1.889e-05	2.514e-22	5.225e-04	0.81
EPI_ISL_615653	1.712e-05	3.361e-05	7.177e-04	1.11
NODE_0000143	3.563e-05	6.704e-05	7.944e-04	1.23
EPI_ISL_616802	8.331e-06	2.488e-22	6.448e-04	1.00
NODE_0000144	2.066e-05	3.352e-05	7.132e-04	1.11
EPI_ISL_616402	0.000e+00	2.483e-22	6.448e-04	1.00
EPI_ISL_615743	1.233e-05	2.483e-22	5.770e-04	0.89
NODE_0000162	3.640e-05	1.006e-04	8.619e-04	1.34
EPI_ISL_616369	4.958e-05	6.722e-05	7.698e-04	1.19
EPI_ISL_641473	6.544e-05	1.008e-04	8.917e-04	1.38
NODE_0000170	5.195e-05	3.352e-05	7.045e-04	1.09
EPI_ISL_622061	2.230e-05	6.722e-05	7.771e-04	1.21
EPI_ISL_641474	1.349e-05	2.504e-22	6.285e-04	0.97
NODE_0000526	2.215e-05	2.492e-18	4.464e-04	0.69
NODE_0000167	6.246e-05	3.352e-05	6.901e-04	1.07
EPI_ISL_641441	1.959e-05	3.364e-05	7.178e-04	1.11
EPI_ISL_641457	3.731e-06	2.421e-22	6.444e-04	1.00
NODE_0000529	3.431e-05	2.492e-18	6.433e-04	1.00
EPI_ISL_615543	5.453e-06	2.523e-22	6.448e-04	1.00
NODE_0000530	8.976e-06	2.492e-18	6.387e-04	0.99
EPI_ISL_641471	0.000e+00	2.519e-22	6.448e-04	1.00
NODE_0000531	1.740e-05	2.492e-18	6.280e-04	0.97
EPI_ISL_668790	9.007e-05	2.216e-18	7.179e-05	0.11
EPI_ISL_618554	5.308e-05	3.363e-05	4.697e-04	0.73
NODE_0000172	8.374e-05	6.704e-05	7.270e-04	1.13
EPI_ISL_641464	8.129e-06	2.487e-22	6.448e-04	1.00
EPI_ISL_669777	7.684e-05	1.008e-04	8.221e-04	1.27
NODE_0000182	5.585e-05	6.705e-05	7.827e-04	1.21
EPI_ISL_617065	8.662e-06	2.504e-22	5.691e-04	0.88
EPI_ISL_669780	2.099e-05	6.722e-05	8.140e-04	1.26
NODE_0000534	2.664e-05	2.862e-22	3.823e-04	0.59
NODE_0000536	1.320e-05	2.862e-22	6.430e-04	1.00
EPI_ISL_619085	0.000e+00	2.538e-22	6.448e-04	1.00
EPI_ISL_670697	0.000e+00	2.194e-18	6.448e-04	1.00
NODE_0000538	9.715e-06	2.862e-22	6.439e-04	1.00
NODE_0000539	1.039e-05	2.862e-22	6.447e-04	1.00
EPI_ISL_683140	4.419e-05	6.722e-05	7.516e-04	1.17
EPI_ISL_682996	1.776e-05	3.361e-05	7.015e-04	1.09
NODE_0000540	1.017e-05	2.862e-22	6.252e-04	0.97
EPI_ISL_682396	5.497e-05	6.722e-05	7.289e-04	1.13
NODE_0000543	1.156e-05	2.862e-22	5.308e-04	0.82
EPI_ISL_714390	5.574e-05	2.487e-22	2.111e-04	0.33
NODE_0000544	6.410e-06	2.862e-22	6.448e-04	1.00
EPI_ISL_625861	0.000e+00	2.485e-22	6.424e-04	1.00
EPI_ISL_670718	0.000e+00	2.194e-18	6.424e-04	1.00
NODE_0000184	1.348e-05	3.352e-05	7.132e-04	1.11
EPI_ISL_668769	8.803e-05	1.008e-04	7.663e-04	1.19
EPI_ISL_683090	5.808e-05	6.725e-05	7.522e-04	1.17
EPI_ISL_641442	6.984e-06	2.385e-22	6.448e-04	1.00
EPI_ISL_683313	2.989e-05	3.361e-05	7.075e-04	1.10
NODE_0000187	3.870e-05	3.352e-05	6.682e-04	1.04
EPI_ISL_683289	0.000e+00	2.460e-22	6.448e-04	1.00
EPI_ISL_683288	0.000e+00	2.163e-18	6.448e-04	1.00
NODE_0000197	9.238e-05	6.704e-05	6.709e-04	1.04
EPI_ISL_747742	3.265e-05	6.722e-05	7.504e-04	1.16
EPI_ISL_1895190	3.265e-05	3.363e-05	5.479e-04	0.85
NODE_0000548	1.317e-05	2.463e-18	5.216e-04	0.81
NODE_0000549	1.320e-05	2.463e-18	6.430e-04	1.00
EPI_ISL_668785	4.933e-05	3.361e-05	5.612e-04	0.87
EPI_ISL_619618	0.000e+00	2.473e-22	6.448e-04	1.00
NODE_0000550	9.833e-06	2.463e-18	6.338e-04	0.98
NODE_0000551	2.803e-05	2.463e-18	4.965e-04	0.77
EPI_ISL_669782	1.233e-05	2.469e-22	5.546e-04	0.86
EPI_ISL_682989	0.000e+00	2.469e-22	6.425e-04	1.00
NODE_0000553	1.954e-05	2.463e-18	6.448e-04	1.00
EPI_ISL_641400	1.377e-05	3.361e-05	6.922e-04	1.07
EPI_ISL_641402	1.377e-05	3.363e-05	6.923e-04	1.07
NODE_0000198	1.220e-05	3.352e-05	7.111e-04	1.10
EPI_ISL_683149	6.526e-05	6.722e-05	7.129e-04	1.11
NODE_0000555	1.417e-05	2.842e-22	6.147e-04	0.95
EPI_ISL_641404	1.409e-05	2.459e-22	5.589e-04	0.87
EPI_ISL_619075	0.000e+00	2.183e-18	6.448e-04	1.00
NODE_0000201	1.744e-05	1.006e-04	8.489e-04	1.32
EPI_ISL_1872304	2.139e-05	6.722e-05	7.634e-04	1.18
NODE_0000566	4.114e-06	2.842e-22	6.448e-04	1.00
EPI_ISL_668825	4.195e-05	3.361e-05	6.389e-04	0.99
NODE_0000557	6.203e-06	2.842e-22	6.431e-04	1.00
EPI_ISL_641413	4.030e-06	2.459e-22	6.387e-04	0.99
NODE_0000558	2.268e-06	2.842e-22	6.433e-04	1.00
EPI_ISL_641408	0.000e+00	2.459e-22	6.448e-04	1.00
EPI_ISL_683239	0.000e+00	2.419e-22	6.448e-04	1.00
NODE_0000207	1.698e-05	3.352e-05	7.159e-04	1.11
EPI_ISL_615996	5.667e-05	6.722e-05	7.932e-04	1.23
NODE_0000560	2.056e-05	2.502e-18	5.348e-04	0.83
EPI_ISL_617504	1.144e-05	2.541e-22	6.448e-04	1.00
NODE_0000561	1.771e-05	2.502e-18	4.984e-04	0.77
EPI_ISL_683095	3.248e-05	3.361e-05	7.155e-04	1.11
EPI_ISL_683093	2.191e-05	2.537e-22	6.092e-04	0.94
NODE_0000211	1.980e-05	6.704e-05	8.128e-04	1.26
EPI_ISL_641493	7.563e-05	1.008e-04	8.779e-04	1.36
NODE_0000563	6.669e-05	2.914e-22	2.081e-04	0.32
EPI_ISL_641483	7.176e-06	2.559e-22	6.448e-04	1.00
NODE_0000564	8.937e-06	2.914e-22	6.427e-04	1.00
EPI_ISL_641494	0.000e+00	2.568e-22	6.448e-04	1.00
NODE_0000565	8.457e-05	2.914e-22	1.356e-04	0.21
EPI_ISL_683142	1.409e-05	2.557e-22	3.907e-04	0.61
EPI_ISL_669775	0.000e+00	2.561e-22	5.503e-04	0.85
NODE_0000216	2.093e-05	3.352e-05	7.168e-04	1.11
EPI_ISL_683307	1.076e-04	1.008e-04	7.177e-04	1.11
EPI_ISL_616714	1.594e-05	2.570e-22	6.448e-04	1.00
NODE_0000225	7.232e-05	6.704e-05	7.235e-04	1.12
EPI_ISL_670704	6.695e-05	1.008e-04	8.297e-04	1.29
EPI_ISL_641428	0.000e+00	2.458e-22	6.448e-04	1.00
EPI_ISL_625980	5.462e-05	6.726e-05	7.354e-04	1.14
EPI_ISL_683268	3.700e-05	3.361e-05	6.396e-04	0.99
NODE_0000568	8.397e-06	2.917e-22	4.900e-04	0.76
EPI_ISL_641484	4.454e-05	3.361e-05	7.177e-04	1.11
NODE_0000569	3.004e-05	2.917e-22	5.527e-04	0.86
NODE_0000570	2.203e-05	2.917e-22	5.032e-04	0.78
NODE_0000572	2.700e-05	2.917e-22	6.448e-04	1.00
EPI_ISL_683308	2.009e-05	3.361e-05	6.356e-04	0.99
EPI_ISL_683309	2.009e-05	2.573e-22	3.076e-04	0.48
NODE_0000218	2.764e-05	3.352e-05	7.092e-04	1.10
EPI_ISL_670698	1.416e-05	3.361e-05	7.092e-04	1.10
NODE_0000574	2.121e-05	2.528e-18	5.203e-04	0.81
EPI_ISL_669805	2.995e-05	2.244e-18	3.807e-04	0.59
EPI_ISL_683271	0.000e+00	2.586e-22	6.448e-04	1.00
NODE_0000575	8.437e-06	2.917e-22	6.448e-04	1.00
EPI_ISL_620958	3.073e-05	3.361e-05	6.936e-04	1.08
NODE_0000229	1.785e-05	3.352e-05	6.999e-04	1.09
EPI_ISL_619069	3.754e-05	3.361e-05	6.942e-04	1.08
EPI_ISL_620233	2.521e-05	3.361e-05	7.168e-04	1.11
NODE_0000577	1.287e-05	2.917e-22	6.429e-04	1.00
EPI_ISL_621048	0.000e+00	2.573e-22	6.448e-04	1.00
NODE_0000232	3.604e-05	3.352e-05	6.940e-04	1.08
EPI_ISL_670708	2.562e-05	3.361e-05	6.495e-04	1.01
NODE_0000579	2.562e-05	2.510e-18	3.556e-04	0.55
EPI_ISL_683073	0.000e+00	2.551e-22	6.407e-04	0.99
EPI_ISL_683074	0.000e+00	2.228e-18	6.407e-04	0.99
NODE_0000235	1.222e-05	3.352e-05	7.101e-04	1.10
EPI_ISL_683029	1.692e-05	2.541e-22	4.034e-04	0.63
EPI_ISL_683031	1.692e-05	3.361e-05	6.891e-04	1.07
NODE_0000237	2.210e-05	1.006e-04	8.904e-04	1.38
EPI_ISL_683128	5.396e-06	3.361e-05	7.039e-04	1.09
EPI_ISL_683127	5.396e-06	2.501e-22	6.065e-04	0.94
NODE_0000239	2.169e-05	6.704e-05	8.141e-04	1.26
NODE_0000247	6.385e-05	1.006e-04	9.025e-04	1.40
EPI_ISL_621371	6.642e-07	2.526e-22	6.448e-04	1.00
EPI_ISL_670727	3.766e-05	3.361e-05	6.395e-04	0.99
NODE_0000249	5.457e-05	6.704e-05	7.068e-04	1.10
EPI_ISL_625860	7.760e-06	2.494e-22	6.428e-04	1.00
EPI_ISL_670705	2.009e-05	3.361e-05	7.168e-04	1.11
NODE_0000586	3.841e-05	2.893e-22	4.607e-04	0.71
NODE_0000251	3.843e-05	3.353e-05	6.924e-04	1.07
EPI_ISL_620907	0.000e+00	2.577e-22	6.448e-04	1.00
EPI_ISL_620077	1.233e-05	2.580e-22	5.770e-04	0.89
NODE_0000588	2.272e-05	2.893e-22	3.769e-04	0.58
NODE_0000244	3.487e-05	3.352e-05	7.168e-04	1.11
EPI_ISL_683298	1.079e-05	2.216e-18	6.002e-04	0.93
EPI_ISL_683299	1.079e-05	3.361e-05	7.067e-04	1.10
NODE_0000590	1.293e-05	2.893e-22	6.443e-04	1.00
EPI_ISL_683319	3.097e-05	3.362e-05	7.053e-04	1.09
NODE_0000591	1.309e-05	2.893e-22	6.154e-04	0.95
EPI_ISL_683280	2.141e-05	3.363e-05	7.155e-04	1.11
NODE_0000592	1.041e-05	2.893e-22	5.796e-04	0.90
EPI_ISL_668740	5.328e-05	6.722e-05	7.593e-04	1.18
NODE_0000595	7.471e-06	2.893e-22	6.439e-04	1.00
EPI_ISL_683320	0.000e+00	2.533e-22	6.421e-04	1.00
EPI_ISL_682566	5.814e-05	2.536e-22	1.684e-04	0.26
NODE_0000252	4.905e-05	6.704e-05	7.875e-04	1.22
EPI_ISL_683306	5.774e-05	6.747e-05	8.045e-04	1.25
NODE_0000253	1.343e-05	3.352e-05	7.140e-04	1.11
EPI_ISL_683173	9.716e-05	6.722e-05	6.524e-04	1.01
EPI_ISL_683273	5.136e-05	3.364e-05	7.009e-04	1.09
EPI_ISL_683272	5.136e-05	6.722e-05	8.134e-04	1.26
EPI_ISL_619070	3.902e-05	1.008e-04	7.905e-04	1.23
EPI_ISL_670724	3.902e-05	3.361e-05	7.144e-04	1.11
EPI_ISL_683027	8.131e-05	6.722e-05	7.337e-04	1.14
NODE_0000256	8.835e-05	1.341e-04	9.678e-04	1.50
EPI_ISL_1860573	0.000e+00	2.443e-22	6.407e-04	0.99
EPI_ISL_1861445	1.233e-05	3.375e-05	7.179e-04	1.11
NODE_0000289	3.287e-05	3.352e-05	7.156e-04	1.11
EPI_ISL_618724	1.849e-05	3.361e-05	7.108e-04	1.10
EPI_ISL_683053	4.492e-05	2.509e-22	3.085e-04	0.48
NODE_0000292	5.488e-05	3.353e-05	6.846e-04	1.06
EPI_ISL_683246	0.000e+00	2.501e-22	6.448e-04	1.00
EPI_ISL_641406	0.000e+00	2.436e-22	6.448e-04	1.00
NODE_0000295	5.411e-05	3.352e-05	6.947e-04	1.08
EPI_ISL_683056	2.368e-05	6.723e-05	8.138e-04	1.26
EPI_ISL_683057	2.368e-05	2.483e-22	4.322e-04	0.67
NODE_0000296	5.847e-05	3.352e-05	6.900e-04	1.07
EPI_ISL_668763	4.221e-05	3.361e-05	5.760e-04	0.89
NODE_0000297	1.938e-05	3.352e-05	7.114e-04	1.10
EPI_ISL_683114	1.050e-05	2.496e-22	5.624e-04	0.87
EPI_ISL_683116	1.050e-05	3.361e-05	7.162e-04	1.11
NODE_0000299	2.614e-05	3.352e-05	7.092e-04	1.10
EPI_ISL_683178	1.079e-05	2.478e-22	4.935e-04	0.77
EPI_ISL_683180	1.079e-05	3.361e-05	7.145e-04	1.11
NODE_0000634	6.364e-06	2.866e-22	6.448e-04	1.00
NODE_0000272	1.750e-05	2.866e-22	6.448e-04	1.00
EPI_ISL_683297	2.749e-05	3.362e-05	7.015e-04	1.09
NODE_0000273	3.151e-05	6.704e-05	8.131e-04	1.26
EPI_ISL_683188	1.184e-05	3.361e-05	7.065e-04	1.10
EPI_ISL_683189	1.184e-05	2.465e-22	6.007e-04	0.93
NODE_0000668	8.253e-06	2.866e-22	6.448e-04	1.00
EPI_ISL_619446	1.207e-05	2.496e-22	6.448e-04	1.00
NODE_0000607	1.103e-05	2.866e-22	6.427e-04	1.00
NODE_0000609	2.329e-06	2.866e-22	6.433e-04	1.00
EPI_ISL_641501	2.242e-06	2.431e-22	6.448e-04	1.00
NODE_0000610	2.242e-06	2.866e-22	5.911e-04	0.92
NODE_0000611	2.470e-05	2.866e-22	6.448e-04	1.00
EPI_ISL_683026	2.639e-05	3.361e-05	6.194e-04	0.96
EPI_ISL_683028	2.639e-05	3.361e-05	6.194e-04	0.96
NODE_0000612	5.915e-06	2.866e-22	6.401e-04	0.99
NODE_0000613	9.941e-06	2.866e-22	6.430e-04	1.00
EPI_ISL_683270	0.000e+00	2.490e-22	6.448e-04	1.00
EPI_ISL_618623	5.285e-06	2.465e-22	6.312e-04	0.98
NODE_0000614	6.509e-06	2.866e-22	6.095e-04	0.95
NODE_0000616	1.224e-05	2.866e-22	6.427e-04	1.00
EPI_ISL_683243	0.000e+00	2.496e-22	6.448e-04	1.00
EPI_ISL_683248	0.000e+00	2.493e-22	6.448e-04	1.00
NODE_0000621	1.224e-05	2.866e-22	6.427e-04	1.00
EPI_ISL_683241	0.000e+00	2.586e-22	6.448e-04	1.00
EPI_ISL_683049	2.290e-05	2.493e-22	4.587e-04	0.71
NODE_0000624	3.077e-07	2.866e-22	4.585e-04	0.71
NODE_0000625	2.033e-05	2.866e-22	6.448e-04	1.00
NODE_0000626	9.740e-06	2.866e-22	6.446e-04	1.00
EPI_ISL_683119	3.233e-05	3.361e-05	6.435e-04	1.00
EPI_ISL_683118	3.233e-05	3.361e-05	6.435e-04	1.00
NODE_0000628	9.644e-06	2.866e-22	6.448e-04	1.00
EPI_ISL_683084	2.009e-05	3.361e-05	7.018e-04	1.09
NODE_0000282	2.009e-05	3.352e-05	7.005e-04	1.09
EPI_ISL_670706	0.000e+00	2.483e-22	6.448e-04	1.00
EPI_ISL_683069	0.000e+00	2.483e-22	6.448e-04	1.00
NODE_0000632	1.343e-05	2.866e-22	6.448e-04	1.00
NODE_0000633	1.594e-05	2.866e-22	6.448e-04	1.00
EPI_ISL_682842	4.537e-05	3.361e-05	5.630e-04	0.87
NODE_0000277	4.537e-05	3.352e-05	5.796e-04	0.90
EPI_ISL_682428	0.000e+00	2.519e-22	6.407e-04	0.99
EPI_ISL_682537	0.000e+00	2.509e-22	6.407e-04	0.99
NODE_0000635	9.817e-06	2.866e-22	6.448e-04	1.00
EPI_ISL_683087	2.154e-05	3.361e-05	7.157e-04	1.11
NODE_0000636	4.097e-06	2.866e-22	6.151e-04	0.95
NODE_0000638	5.481e-06	2.866e-22	6.199e-04	0.96
EPI_ISL_683117	2.958e-05	2.488e-22	4.739e-04	0.73
NODE_0000640	1.020e-05	2.866e-22	6.424e-04	1.00
EPI_ISL_683088	1.762e-06	2.493e-22	6.433e-04	1.00
EPI_ISL_641397	0.000e+00	2.507e-22	6.448e-04	1.00
NODE_0000641	4.977e-06	2.866e-22	6.429e-04	1.00
NODE_0000642	5.416e-06	2.866e-22	6.448e-04	1.00
EPI_ISL_683085	1.233e-05	2.507e-22	5.546e-04	0.86
EPI_ISL_617907	0.000e+00	2.490e-22	6.425e-04	1.00
NODE_0000643	1.775e-05	2.866e-22	5.840e-04	0.91
EPI_ISL_683052	1.762e-06	2.493e-22	6.342e-04	0.98
EPI_ISL_683064	0.000e+00	2.502e-22	6.407e-04	0.99
NODE_0000697	2.442e-06	2.510e-18	6.448e-04	1.00
EPI_ISL_3050753	4.830e-05	3.361e-05	6.445e-04	1.00
NODE_0000699	1.160e-05	2.510e-18	6.448e-04	1.00
EPI_ISL_641507	4.022e-05	3.361e-05	6.228e-04	0.97
NODE_0000644	2.437e-06	2.510e-18	3.712e-04	0.58
NODE_0000645	1.314e-05	2.510e-18	6.400e-04	0.99
NODE_0000647	2.113e-05	2.510e-18	6.448e-04	1.00
EPI_ISL_3050754	0.000e+00	2.228e-18	6.425e-04	1.00
EPI_ISL_641508	3.524e-06	2.268e-18	6.290e-04	0.98
NODE_0000648	1.401e-05	2.510e-18	6.290e-04	0.98
EPI_ISL_641512	1.064e-05	2.567e-22	6.448e-04	1.00
NODE_0000649	1.329e-05	2.510e-18	4.997e-04	0.77
EPI_ISL_3050762	1.672e-05	2.228e-18	6.448e-04	1.00
NODE_0000651	6.158e-05	2.507e-18	2.161e-04	0.34
EPI_ISL_641465	9.762e-06	2.543e-22	6.370e-04	0.99
NODE_0000653	8.000e-06	2.507e-18	6.448e-04	1.00
EPI_ISL_641462	0.000e+00	2.561e-22	6.424e-04	1.00
NODE_0000656	2.637e-05	2.507e-18	3.047e-04	0.47
EPI_ISL_926043	5.643e-05	3.362e-05	5.760e-04	0.89
NODE_0000657	1.606e-05	2.507e-18	5.690e-04	0.88
EPI_ISL_668733	4.037e-05	2.539e-22	3.413e-04	0.53
NODE_0000661	5.299e-06	2.507e-18	6.424e-04	1.00
EPI_ISL_1880299	3.508e-05	2.228e-18	3.629e-04	0.56
NODE_0000662	2.892e-06	2.507e-18	6.424e-04	1.00
EPI_ISL_668816	3.218e-05	2.545e-22	3.853e-04	0.60
NODE_0000663	2.226e-06	2.507e-18	6.423e-04	1.00
EPI_ISL_682776	4.229e-05	2.544e-22	2.916e-04	0.45
NODE_0000664	5.292e-06	2.507e-18	6.448e-04	1.00
EPI_ISL_682999	0.000e+00	2.545e-22	6.415e-04	0.99
EPI_ISL_1861061	2.467e-05	2.548e-22	4.096e-04	0.64
NODE_0000302	2.001e-05	3.352e-05	6.253e-04	0.97
EPI_ISL_641455	8.825e-05	1.009e-04	9.047e-04	1.40
EPI_ISL_668730	1.852e-04	1.682e-04	7.895e-04	1.22
EPI_ISL_641488	7.416e-05	3.361e-05	6.959e-04	1.08
EPI_ISL_669767	1.605e-04	1.345e-04	7.659e-04	1.19
NODE_0000423	5.304e-05	3.352e-05	7.165e-04	1.11
EPI_ISL_670700	2.111e-05	3.361e-05	7.113e-04	1.10
EPI_ISL_668832	1.198e-04	2.018e-04	1.003e-03	1.56
NODE_0000466	2.064e-05	3.352e-05	7.058e-04	1.09
EPI_ISL_641485	5.352e-05	6.722e-05	7.875e-04	1.22
EPI_ISL_621000	7.819e-05	6.723e-05	7.924e-04	1.23
NODE_0000425	5.523e-05	3.352e-05	7.164e-04	1.11
EPI_ISL_621931	3.126e-05	6.722e-05	8.049e-04	1.25
NODE_0000669	3.032e-05	2.510e-18	4.607e-04	0.71
EPI_ISL_641459	2.698e-06	2.466e-22	6.448e-04	1.00
EPI_ISL_641458	2.698e-06	2.551e-22	6.448e-04	1.00
NODE_0000447	1.404e-04	1.676e-04	9.402e-04	1.46
EPI_ISL_668755	3.238e-05	2.455e-22	4.144e-04	0.64
NODE_0000448	2.188e-05	3.352e-05	7.156e-04	1.11
EPI_ISL_668802	1.050e-05	3.361e-05	7.149e-04	1.11
EPI_ISL_714400	2.283e-05	3.361e-05	6.997e-04	1.09
NODE_0000472	1.987e-05	3.352e-05	7.157e-04	1.11
EPI_ISL_641463	7.015e-05	2.228e-18	4.004e-04	0.62
NODE_0000473	4.428e-05	3.352e-05	7.048e-04	1.09
EPI_ISL_641466	2.763e-05	3.361e-05	7.135e-04	1.11
EPI_ISL_621716	2.234e-05	6.722e-05	7.803e-04	1.21
NODE_0000456	5.617e-05	3.352e-05	7.165e-04	1.11
EPI_ISL_615843	1.799e-05	3.361e-05	7.116e-04	1.10
EPI_ISL_641433	4.266e-05	3.364e-05	6.453e-04	1.00
NODE_0000461	3.209e-05	6.704e-05	8.127e-04	1.26
EPI_ISL_641452	0.000e+00	2.551e-22	6.448e-04	1.00
EPI_ISL_641454	0.000e+00	2.551e-22	6.448e-04	1.00
NODE_0000676	4.442e-05	2.887e-22	3.060e-04	0.47
EPI_ISL_641435	0.000e+00	2.167e-18	6.448e-04	1.00
NODE_0000677	2.819e-05	2.887e-22	4.314e-04	0.67
EPI_ISL_683302	0.000e+00	2.528e-22	6.407e-04	0.99
EPI_ISL_683301	0.000e+00	2.601e-22	6.407e-04	0.99
NODE_0000742	5.553e-06	2.502e-18	6.448e-04	1.00
NODE_0000748	1.376e-05	2.502e-18	6.448e-04	1.00
EPI_ISL_641451	6.894e-05	3.361e-05	6.190e-04	0.96
NODE_0000522	6.335e-05	3.352e-05	5.747e-04	0.89
EPI_ISL_620234	2.849e-05	3.361e-05	7.177e-04	1.11
EPI_ISL_625853	6.549e-05	6.722e-05	7.415e-04	1.15
EPI_ISL_683249	5.668e-05	6.722e-05	7.804e-04	1.21
EPI_ISL_625856	6.549e-05	1.008e-04	8.805e-04	1.37
EPI_ISL_620165	2.849e-05	3.361e-05	7.177e-04	1.11
NODE_0000541	4.787e-05	6.704e-05	8.057e-04	1.25
EPI_ISL_683281	0.000e+00	2.510e-22	6.448e-04	1.00
EPI_ISL_683282	0.000e+00	2.510e-22	6.448e-04	1.00
NODE_0000542	2.581e-05	3.352e-05	7.163e-04	1.11
EPI_ISL_669801	5.201e-05	1.345e-04	9.845e-04	1.53
EPI_ISL_619578	1.501e-05	3.361e-05	7.106e-04	1.10
EPI_ISL_669781	5.201e-05	6.722e-05	7.658e-04	1.19
NODE_0000535	3.767e-05	3.352e-05	6.896e-04	1.07
NODE_0000537	1.978e-05	3.352e-05	7.169e-04	1.11
EPI_ISL_668747	3.270e-05	6.723e-05	8.095e-04	1.26
EPI_ISL_682542	4.504e-05	1.008e-04	8.959e-04	1.39
NODE_0000683	1.901e-05	2.875e-22	6.407e-04	0.99
EPI_ISL_641401	1.409e-05	3.361e-05	6.866e-04	1.06
EPI_ISL_641407	0.000e+00	2.509e-22	5.571e-04	0.86
NODE_0000684	2.698e-06	2.887e-22	6.423e-04	1.00
EPI_ISL_619584	3.813e-05	3.361e-05	6.951e-04	1.08
NODE_0000685	4.244e-06	2.887e-22	6.448e-04	1.00
EPI_ISL_670726	3.388e-05	3.361e-05	6.961e-04	1.08
NODE_0000686	6.401e-06	2.887e-22	6.448e-04	1.00
EPI_ISL_619078	2.748e-05	3.361e-05	6.971e-04	1.08
NODE_0000687	2.920e-06	2.887e-22	6.251e-04	0.97
EPI_ISL_683303	2.985e-05	3.361e-05	7.012e-04	1.09
NODE_0000688	6.943e-06	2.887e-22	6.430e-04	1.00
EPI_ISL_641445	0.000e+00	2.167e-18	6.448e-04	1.00
NODE_0000689	1.479e-05	2.887e-22	5.162e-04	0.80
NODE_0000528	4.159e-05	3.352e-05	6.289e-04	0.98
EPI_ISL_683047	0.000e+00	2.509e-22	6.448e-04	1.00
EPI_ISL_683048	0.000e+00	2.509e-22	6.448e-04	1.00
NODE_0000691	1.516e-05	2.887e-22	5.802e-04	0.90
EPI_ISL_618519	0.000e+00	2.528e-22	6.448e-04	1.00
EPI_ISL_683222	5.285e-06	2.524e-22	6.312e-04	0.98
NODE_0000776	7.573e-06	2.502e-18	6.448e-04	1.00
NODE_0000777	6.617e-05	2.502e-18	6.448e-04	1.00
EPI_ISL_620345	4.419e-05	6.722e-05	6.281e-04	0.97
EPI_ISL_669778	8.119e-05	1.008e-04	6.279e-04	0.97
NODE_0000692	6.652e-06	2.502e-18	4.890e-04	0.76
NODE_0000693	3.668e-05	2.502e-18	4.513e-04	0.70
NODE_0000694	2.614e-05	2.895e-22	6.446e-04	1.00
EPI_ISL_683062	7.789e-05	6.722e-05	6.665e-04	1.03
NODE_0000696	6.595e-06	2.895e-22	6.448e-04	1.00
NODE_0000488	3.042e-05	3.352e-05	7.112e-04	1.10
EPI_ISL_683279	1.092e-05	3.361e-05	7.176e-04	1.11
NODE_0000489	2.006e-05	3.352e-05	6.986e-04	1.08
EPI_ISL_641403	1.377e-05	3.361e-05	7.172e-04	1.11
EPI_ISL_669790	2.082e-05	2.554e-22	4.709e-04	0.73
NODE_0000401	7.130e-05	6.705e-05	6.634e-04	1.03
EPI_ISL_669803	0.000e+00	2.541e-22	6.448e-04	1.00
NODE_0000700	2.467e-05	2.895e-22	6.223e-04	0.97
EPI_ISL_712435	2.467e-05	3.361e-05	6.051e-04	0.94
EPI_ISL_714293	0.000e+00	2.519e-22	5.176e-04	0.80
NODE_0000703	2.188e-05	2.895e-22	6.448e-04	1.00
NODE_0000413	3.819e-05	3.352e-05	7.038e-04	1.09
EPI_ISL_683310	1.050e-05	2.528e-22	5.855e-04	0.91
EPI_ISL_683311	1.050e-05	3.361e-05	7.117e-04	1.10
NODE_0000705	6.059e-06	2.895e-22	6.448e-04	1.00
EPI_ISL_641500	2.677e-05	3.361e-05	7.155e-04	1.11
NODE_0000428	2.641e-05	3.352e-05	7.144e-04	1.11
EPI_ISL_620176	3.540e-07	2.530e-22	6.448e-04	1.00
EPI_ISL_683317	1.621e-05	3.361e-05	7.177e-04	1.11
EPI_ISL_668803	6.202e-05	1.008e-04	8.514e-04	1.32
NODE_0000707	6.608e-07	2.886e-22	5.599e-04	0.87
NODE_0000708	2.816e-05	2.886e-22	6.377e-04	0.99
EPI_ISL_683022	2.968e-05	2.528e-22	2.855e-04	0.44
EPI_ISL_683021	2.968e-05	3.361e-05	6.188e-04	0.96
NODE_0000709	1.555e-05	2.886e-22	6.448e-04	1.00
EPI_ISL_683020	4.228e-05	3.361e-05	5.959e-04	0.92
EPI_ISL_683316	0.000e+00	2.528e-22	6.435e-04	1.00
NODE_0000435	6.659e-05	6.704e-05	7.669e-04	1.19
EPI_ISL_713443	2.009e-05	3.361e-05	6.263e-04	0.97
EPI_ISL_711400	3.243e-05	3.361e-05	5.475e-04	0.85
EPI_ISL_668743	7.761e-06	2.519e-22	4.143e-04	0.64
EPI_ISL_668738	7.761e-06	3.361e-05	6.934e-04	1.08
EPI_ISL_749512	5.709e-05	6.722e-05	6.251e-04	0.97
NODE_0000711	6.666e-06	2.502e-18	6.428e-04	1.00
NODE_0000713	3.132e-05	2.502e-18	6.448e-04	1.00
EPI_ISL_641439	4.458e-05	3.364e-05	6.680e-04	1.04
NODE_0000505	2.511e-05	3.352e-05	6.593e-04	1.02
EPI_ISL_670688	6.528e-05	6.724e-05	7.803e-04	1.21
NODE_0000715	3.385e-05	2.886e-22	4.936e-04	0.77
EPI_ISL_670687	4.376e-05	3.362e-05	6.397e-04	0.99
NODE_0000716	8.527e-06	2.886e-22	6.433e-04	1.00
EPI_ISL_683326	0.000e+00	2.523e-22	6.448e-04	1.00
EPI_ISL_683200	2.643e-05	2.523e-22	4.187e-04	0.65
NODE_0000509	2.765e-05	3.352e-05	7.054e-04	1.09
NODE_0000513	4.093e-05	3.352e-05	6.539e-04	1.01
EPI_ISL_683044	1.079e-05	2.491e-22	5.514e-04	0.86
EPI_ISL_683043	1.079e-05	3.361e-05	7.172e-04	1.11
NODE_0000517	6.943e-06	3.352e-05	6.956e-04	1.08
EPI_ISL_683323	7.780e-06	3.361e-05	6.821e-04	1.06
EPI_ISL_683138	5.711e-05	1.008e-04	8.779e-04	1.36
EPI_ISL_683201	3.421e-05	3.361e-05	6.723e-04	1.04
NODE_0000720	2.052e-06	2.874e-22	6.402e-04	0.99
EPI_ISL_683063	4.096e-05	3.361e-05	6.395e-04	0.99
NODE_0000727	5.728e-06	2.874e-22	6.433e-04	1.00
EPI_ISL_683322	0.000e+00	2.504e-22	6.448e-04	1.00
EPI_ISL_683139	4.933e-05	3.361e-05	5.612e-04	0.87
NODE_0000728	6.518e-06	2.878e-22	4.328e-04	0.67
EPI_ISL_683036	5.225e-05	3.361e-05	6.739e-04	1.05
NODE_0000729	2.108e-05	2.878e-22	6.290e-04	0.98
EPI_ISL_682356	5.936e-05	2.509e-22	2.009e-04	0.31
NODE_0000730	4.333e-06	2.878e-22	6.427e-04	1.00
NODE_0000731	5.692e-06	2.878e-22	6.448e-04	1.00
EPI_ISL_1870858	0.000e+00	2.508e-22	6.427e-04	1.00
EPI_ISL_683061	1.233e-05	2.507e-22	5.557e-04	0.86
NODE_0000732	1.979e-05	2.878e-22	5.706e-04	0.88
EPI_ISL_668766	2.290e-05	2.509e-22	4.223e-04	0.65
EPI_ISL_683045	0.000e+00	2.509e-22	6.398e-04	0.99
NODE_0000733	2.008e-05	2.502e-18	6.429e-04	1.00
NODE_0000734	1.057e-05	2.502e-18	6.430e-04	1.00
EPI_ISL_641489	1.706e-05	2.533e-22	6.448e-04	1.00
NODE_0000735	1.592e-05	2.502e-18	5.788e-04	0.90
NODE_0000736	1.008e-05	2.502e-18	5.601e-04	0.87
EPI_ISL_1889312	6.505e-05	3.361e-05	5.706e-04	0.88
NODE_0000737	1.925e-05	2.502e-18	6.427e-04	1.00
EPI_ISL_641438	0.000e+00	2.449e-22	6.448e-04	1.00
NODE_0000739	1.382e-05	2.502e-18	4.802e-04	0.74
EPI_ISL_670743	3.199e-05	3.361e-05	7.014e-04	1.09
NODE_0000740	1.414e-05	2.502e-18	6.448e-04	1.00
NODE_0000741	9.848e-06	2.502e-18	6.448e-04	1.00
EPI_ISL_669772	2.033e-05	3.361e-05	6.397e-04	0.99
EPI_ISL_683059	2.209e-05	3.361e-05	6.288e-04	0.98
NODE_0000476	1.982e-05	3.352e-05	6.698e-04	1.04
EPI_ISL_683110	1.741e-05	3.361e-05	7.145e-04	1.11
NODE_0000743	1.036e-05	2.887e-22	6.368e-04	0.99
EPI_ISL_683109	7.047e-06	2.519e-22	6.092e-04	0.94
EPI_ISL_669794	0.000e+00	2.528e-22	6.435e-04	1.00
NODE_0000744	1.160e-05	2.502e-18	6.429e-04	1.00
EPI_ISL_641449	3.628e-06	2.551e-22	6.448e-04	1.00
NODE_0000745	3.171e-06	2.502e-18	4.419e-04	0.69
NODE_0000746	2.688e-05	2.502e-18	6.427e-04	1.00
EPI_ISL_641446	0.000e+00	2.453e-22	6.448e-04	1.00
NODE_0000747	5.415e-06	2.502e-18	6.438e-04	1.00
EPI_ISL_683032	4.392e-05	3.361e-05	5.702e-04	0.88
NODE_0000445	3.177e-05	3.352e-05	5.976e-04	0.93
EPI_ISL_682561	3.329e-05	3.361e-05	6.978e-04	1.08
NODE_0000839	8.623e-06	2.896e-22	6.448e-04	1.00
EPI_ISL_669796	0.000e+00	2.541e-22	6.443e-04	1.00
EPI_ISL_683159	1.409e-05	2.611e-22	5.476e-04	0.85
NODE_0000749	2.235e-05	2.502e-18	5.684e-04	0.88
NODE_0000750	2.901e-05	2.502e-18	6.448e-04	1.00
EPI_ISL_668752	3.367e-05	3.361e-05	5.760e-04	0.89
EPI_ISL_668791	3.367e-05	3.361e-05	5.760e-04	0.89
NODE_0000751	9.493e-06	2.502e-18	6.296e-04	0.98
NODE_0000755	2.081e-05	2.502e-18	6.448e-04	1.00
EPI_ISL_683111	3.238e-05	3.361e-05	6.138e-04	0.95
EPI_ISL_683113	3.238e-05	2.541e-22	2.793e-04	0.43
NODE_0000758	9.051e-06	2.502e-18	6.429e-04	1.00
NODE_0000759	1.022e-05	2.502e-18	5.277e-04	0.82
EPI_ISL_1871407	2.158e-05	2.538e-22	5.970e-04	0.93
NODE_0000760	9.823e-06	2.502e-18	6.421e-04	1.00
EPI_ISL_669813	1.176e-05	2.541e-22	6.157e-04	0.95
NODE_0000761	6.475e-06	2.502e-18	6.429e-04	1.00
EPI_ISL_683091	0.000e+00	2.551e-22	6.447e-04	1.00
EPI_ISL_669812	5.285e-06	2.541e-22	6.282e-04	0.97
NODE_0000762	5.113e-06	2.502e-18	6.428e-04	1.00
NODE_0000763	3.784e-06	2.502e-18	6.424e-04	1.00
EPI_ISL_683207	0.000e+00	2.538e-22	6.448e-04	1.00
EPI_ISL_683208	0.000e+00	2.519e-22	6.448e-04	1.00
NODE_0000764	1.436e-05	2.502e-18	5.995e-04	0.93
EPI_ISL_683193	3.524e-06	2.541e-22	6.249e-04	0.97
EPI_ISL_670722	0.000e+00	2.509e-22	6.407e-04	0.99
NODE_0000766	8.299e-06	2.502e-18	4.546e-04	0.71
NODE_0000767	2.704e-05	2.502e-18	6.171e-04	0.96
NODE_0000483	5.396e-05	3.352e-05	6.628e-04	1.03
EPI_ISL_618681	0.000e+00	2.528e-22	6.448e-04	1.00
EPI_ISL_683181	1.409e-05	2.528e-22	5.589e-04	0.87
NODE_0000769	2.705e-05	2.502e-18	6.448e-04	1.00
EPI_ISL_683230	3.219e-05	3.361e-05	6.351e-04	0.98
NODE_0000775	4.482e-06	2.502e-18	6.448e-04	1.00
NODE_0000469	2.243e-05	3.352e-05	6.642e-04	1.03
EPI_ISL_683226	5.285e-06	2.528e-22	6.312e-04	0.98
EPI_ISL_618723	0.000e+00	2.519e-22	6.448e-04	1.00
NODE_0000451	2.455e-05	3.352e-05	6.479e-04	1.00
EPI_ISL_683019	2.783e-05	3.361e-05	6.923e-04	1.07
EPI_ISL_683018	2.783e-05	3.361e-05	6.923e-04	1.07
EPI_ISL_668758	4.721e-05	6.722e-05	7.725e-04	1.20
NODE_0000779	3.166e-06	2.884e-22	6.419e-04	1.00
EPI_ISL_683017	2.467e-05	2.523e-22	4.385e-04	0.68
EPI_ISL_683231	0.000e+00	2.523e-22	6.448e-04	1.00
NODE_0000780	5.854e-06	2.502e-18	6.448e-04	1.00
EPI_ISL_619061	6.281e-05	3.361e-05	6.883e-04	1.07
NODE_0000782	6.174e-06	2.502e-18	6.448e-04	1.00
NODE_0000785	1.532e-05	2.502e-18	6.448e-04	1.00
EPI_ISL_683229	5.894e-05	3.361e-05	5.864e-04	0.91
NODE_0000490	5.793e-05	3.352e-05	6.227e-04	0.97
EPI_ISL_641415	9.812e-06	3.361e-05	7.172e-04	1.11
NODE_0000787	1.343e-05	2.502e-18	4.531e-04	0.70
EPI_ISL_929286	3.162e-05	3.361e-05	6.941e-04	1.08
NODE_0000790	1.928e-05	2.502e-18	5.858e-04	0.91
EPI_ISL_1869744	0.000e+00	2.541e-22	6.407e-04	0.99
EPI_ISL_668789	0.000e+00	2.541e-22	6.407e-04	0.99
NODE_0000494	4.622e-05	3.352e-05	7.040e-04	1.09
EPI_ISL_747741	3.582e-05	3.361e-05	4.761e-04	0.74
EPI_ISL_714388	1.116e-05	3.362e-05	6.289e-04	0.98
EPI_ISL_750507	4.815e-05	1.008e-04	7.907e-04	1.23
EPI_ISL_1025922	1.116e-05	3.361e-05	6.288e-04	0.98
EPI_ISL_713444	1.116e-05	3.361e-05	6.288e-04	0.98
EPI_ISL_1065939	1.116e-05	3.361e-05	6.288e-04	0.98
EPI_ISL_747743	3.582e-05	2.560e-22	1.569e-04	0.24
EPI_ISL_711399	2.349e-05	3.361e-05	5.501e-04	0.85
NODE_0000502	9.234e-06	3.352e-05	7.135e-04	1.11
EPI_ISL_713436	1.923e-06	2.241e-18	4.209e-04	0.65
EPI_ISL_844301	3.892e-05	6.723e-05	6.915e-04	1.07
EPI_ISL_844303	1.426e-05	6.723e-05	8.006e-04	1.24
NODE_0000303	7.527e-06	3.352e-05	7.147e-04	1.11
EPI_ISL_683015	9.139e-05	6.722e-05	7.229e-04	1.12
NODE_0000372	9.844e-05	1.341e-04	9.626e-04	1.49
EPI_ISL_668779	0.000e+00	2.510e-22	6.407e-04	0.99
EPI_ISL_668792	0.000e+00	2.520e-22	6.407e-04	0.99
NODE_0000367	6.354e-05	3.352e-05	6.986e-04	1.08
EPI_ISL_926465	2.257e-05	3.361e-05	6.941e-04	1.08
NODE_0000368	2.417e-05	3.352e-05	6.977e-04	1.08
EPI_ISL_683133	1.249e-05	3.361e-05	7.175e-04	1.11
EPI_ISL_683134	1.249e-05	2.491e-22	5.456e-04	0.85
EPI_ISL_683132	1.249e-05	3.361e-05	7.175e-04	1.11
NODE_0000305	6.601e-05	3.352e-05	6.789e-04	1.05
EPI_ISL_683125	3.243e-05	3.361e-05	6.545e-04	1.01
EPI_ISL_668795	3.243e-05	3.361e-05	6.545e-04	1.01
EPI_ISL_1894644	2.009e-05	3.361e-05	7.096e-04	1.10
NODE_0000308	4.476e-05	3.352e-05	5.939e-04	0.92
EPI_ISL_714413	0.000e+00	2.546e-22	6.407e-04	0.99
EPI_ISL_1889305	0.000e+00	2.543e-22	6.407e-04	0.99
NODE_0000376	6.607e-05	6.704e-05	8.140e-04	1.26
EPI_ISL_683126	3.237e-05	3.361e-05	6.534e-04	1.01
EPI_ISL_683039	2.180e-05	2.496e-22	4.450e-04	0.69
EPI_ISL_714405	4.470e-05	1.345e-04	9.846e-04	1.53
NODE_0000379	2.053e-05	3.352e-05	7.169e-04	1.11
EPI_ISL_714394	2.417e-05	6.723e-05	8.148e-04	1.26
EPI_ISL_792839	1.184e-05	3.361e-05	7.163e-04	1.11
NODE_0000309	6.540e-05	6.704e-05	7.988e-04	1.24
EPI_ISL_668800	3.304e-05	3.361e-05	6.978e-04	1.08
EPI_ISL_683162	4.537e-05	3.361e-05	6.330e-04	0.98
NODE_0000807	3.304e-05	2.868e-22	4.594e-04	0.71
EPI_ISL_683163	1.233e-05	2.493e-22	5.467e-04	0.85
EPI_ISL_668793	0.000e+00	2.501e-22	6.407e-04	0.99
NODE_0000310	1.624e-05	3.352e-05	7.107e-04	1.10
EPI_ISL_794434	6.613e-05	2.490e-22	1.555e-04	0.24
NODE_0000311	1.209e-05	3.352e-05	7.127e-04	1.11
EPI_ISL_668770	1.704e-05	3.361e-05	7.172e-04	1.11
NODE_0000915	4.704e-06	2.856e-22	6.448e-04	1.00
EPI_ISL_668812	0.000e+00	2.483e-22	6.420e-04	1.00
EPI_ISL_668830	1.233e-05	2.493e-22	5.524e-04	0.86
NODE_0000382	4.568e-05	3.352e-05	7.166e-04	1.11
EPI_ISL_683179	5.981e-05	6.722e-05	7.279e-04	1.13
EPI_ISL_668786	5.276e-05	1.009e-04	8.919e-04	1.38
EPI_ISL_668811	5.276e-05	6.722e-05	7.614e-04	1.18
EPI_ISL_714393	6.510e-05	1.008e-04	8.525e-04	1.32
NODE_0000398	2.678e-05	6.703e-05	8.023e-04	1.24
EPI_ISL_683171	3.479e-05	3.361e-05	6.372e-04	0.99
NODE_0000399	1.357e-05	3.352e-05	7.096e-04	1.10
EPI_ISL_668807	1.242e-05	6.722e-05	7.930e-04	1.23
EPI_ISL_749514	6.175e-05	6.722e-05	6.716e-04	1.04
NODE_0000392	5.453e-05	1.006e-04	8.917e-04	1.38
EPI_ISL_1867176	1.057e-05	3.394e-05	7.165e-04	1.11
EPI_ISL_683135	0.000e+00	2.502e-22	6.407e-04	0.99
EPI_ISL_683136	0.000e+00	2.506e-22	6.407e-04	0.99
EPI_ISL_683137	0.000e+00	2.506e-22	6.407e-04	0.99
NODE_0000814	2.100e-05	2.877e-22	4.666e-04	0.72
NODE_0000815	1.219e-05	2.877e-22	6.448e-04	1.00
EPI_ISL_683121	1.957e-05	3.361e-05	6.934e-04	1.08
EPI_ISL_669787	1.957e-05	3.361e-05	6.934e-04	1.08
NODE_0000816	6.880e-06	2.877e-22	6.434e-04	1.00
EPI_ISL_683143	2.664e-05	3.361e-05	6.931e-04	1.07
NODE_0000817	5.522e-06	2.877e-22	6.443e-04	1.00
EPI_ISL_683169	2.817e-05	3.361e-05	6.631e-04	1.03
NODE_0000818	7.657e-06	2.877e-22	5.341e-04	0.83
NODE_0000822	1.346e-05	2.877e-22	6.326e-04	0.98
EPI_ISL_683170	7.047e-06	2.518e-22	5.840e-04	0.91
EPI_ISL_683144	0.000e+00	2.514e-22	6.347e-04	0.98
NODE_0000823	6.415e-06	2.877e-22	6.448e-04	1.00
EPI_ISL_683096	0.000e+00	2.514e-22	6.417e-04	1.00
EPI_ISL_714404	1.762e-05	2.444e-22	4.911e-04	0.76
NODE_0000927	2.864e-06	2.886e-22	6.448e-04	1.00
NODE_0000928	1.987e-07	2.886e-22	6.448e-04	1.00
NODE_0000929	3.602e-05	2.886e-22	6.448e-04	1.00
NODE_0000347	3.967e-05	3.352e-05	6.254e-04	0.97
EPI_ISL_683099	1.440e-05	2.514e-22	4.939e-04	0.77
EPI_ISL_683100	1.440e-05	3.361e-05	7.145e-04	1.11
NODE_0000931	2.655e-05	2.886e-22	6.448e-04	1.00
EPI_ISL_1874121	4.514e-05	6.722e-05	6.234e-04	0.97
EPI_ISL_1867165	4.514e-05	6.722e-05	6.235e-04	0.97
NODE_0000932	3.223e-05	2.886e-22	6.448e-04	1.00
NODE_0000933	3.034e-05	2.886e-22	6.448e-04	1.00
EPI_ISL_1885763	4.514e-05	6.723e-05	6.235e-04	0.97
EPI_ISL_714397	4.514e-05	6.723e-05	6.235e-04	0.97
NODE_0000934	1.061e-05	2.886e-22	6.448e-04	1.00
EPI_ISL_641416	2.964e-05	3.361e-05	6.132e-04	0.95
NODE_0000362	2.005e-05	3.352e-05	6.306e-04	0.98
EPI_ISL_668783	3.249e-05	3.361e-05	6.968e-04	1.08
NODE_0000936	7.820e-06	2.877e-22	6.448e-04	1.00
EPI_ISL_714387	4.933e-05	3.363e-05	5.529e-04	0.86
EPI_ISL_682992	0.000e+00	2.514e-22	6.439e-04	1.00
NODE_0000824	6.631e-06	2.886e-22	6.430e-04	1.00
EPI_ISL_713451	1.136e-04	6.728e-05	5.735e-04	0.89
NODE_0000825	7.707e-07	2.886e-22	6.430e-04	1.00
EPI_ISL_713457	1.128e-04	6.722e-05	5.821e-04	0.90
NODE_0000828	2.967e-06	2.886e-22	6.429e-04	1.00
EPI_ISL_713439	1.099e-04	6.722e-05	5.915e-04	0.92
NODE_0000831	4.737e-06	2.886e-22	6.430e-04	1.00
EPI_ISL_670731	6.814e-05	3.361e-05	5.950e-04	0.92
NODE_0000837	3.548e-06	2.886e-22	6.430e-04	1.00
EPI_ISL_669795	6.459e-05	3.361e-05	6.073e-04	0.94
NODE_0000838	1.255e-06	2.886e-22	6.423e-04	1.00
NODE_0000341	4.263e-05	3.352e-05	6.231e-04	0.97
EPI_ISL_682376	4.537e-05	3.361e-05	6.997e-04	1.09
NODE_0000945	2.070e-05	2.889e-22	6.448e-04	1.00
EPI_ISL_669799	0.000e+00	2.543e-22	6.447e-04	1.00
NODE_0000843	1.233e-05	2.889e-22	5.984e-04	0.93
EPI_ISL_668775	0.000e+00	2.543e-22	6.407e-04	0.99
EPI_ISL_713437	2.467e-05	2.217e-18	4.061e-04	0.63
NODE_0000846	4.247e-06	2.886e-22	6.424e-04	1.00
NODE_0000348	1.079e-04	6.704e-05	5.829e-04	0.90
EPI_ISL_711401	5.424e-07	2.496e-22	6.407e-04	0.99
EPI_ISL_750509	2.521e-05	3.361e-05	6.902e-04	1.07
NODE_0000849	4.373e-06	2.886e-22	6.429e-04	1.00
EPI_ISL_683016	6.000e-05	3.361e-05	6.145e-04	0.95
NODE_0000852	1.729e-06	2.886e-22	6.447e-04	1.00
NODE_0000317	6.003e-05	3.352e-05	6.317e-04	0.98
EPI_ISL_683105	0.000e+00	2.514e-22	6.357e-04	0.99
EPI_ISL_683106	0.000e+00	2.514e-22	6.357e-04	0.99
NODE_0000319	4.386e-05	1.341e-04	9.738e-04	1.51
EPI_ISL_1862905	2.309e-05	2.181e-18	5.467e-04	0.85
NODE_0000954	1.076e-05	2.453e-18	6.448e-04	1.00
EPI_ISL_1879033	0.000e+00	2.176e-18	6.407e-04	0.99
EPI_ISL_750508	1.233e-05	2.176e-18	5.467e-04	0.85
NODE_0000857	5.821e-06	2.886e-22	6.363e-04	0.99
NODE_0000373	4.022e-05	3.352e-05	6.175e-04	0.96
EPI_ISL_927431	3.161e-05	3.361e-05	7.176e-04	1.11
NODE_0000859	1.928e-05	2.877e-22	6.448e-04	1.00
EPI_ISL_668749	0.000e+00	2.514e-22	6.407e-04	0.99
EPI_ISL_668751	0.000e+00	2.505e-22	6.407e-04	0.99
NODE_0000861	5.258e-06	2.886e-22	6.427e-04	1.00
EPI_ISL_668835	5.424e-05	3.361e-05	6.126e-04	0.95
NODE_0000864	4.860e-06	2.886e-22	6.427e-04	1.00
EPI_ISL_668806	4.938e-05	3.361e-05	6.255e-04	0.97
NODE_0000865	3.746e-06	2.886e-22	6.441e-04	1.00
EPI_ISL_927270	4.563e-05	3.361e-05	6.330e-04	0.98
NODE_0000866	4.609e-06	2.886e-22	6.396e-04	0.99
NODE_0000358	4.103e-05	3.352e-05	6.670e-04	1.03
EPI_ISL_668794	0.000e+00	2.514e-22	6.407e-04	0.99
EPI_ISL_668798	0.000e+00	2.524e-22	6.407e-04	0.99
NODE_0000868	5.788e-06	2.886e-22	6.448e-04	1.00
NODE_0000339	3.700e-05	3.352e-05	6.572e-04	1.02
EPI_ISL_683157	0.000e+00	2.206e-18	6.407e-04	0.99
EPI_ISL_683156	0.000e+00	2.514e-22	6.407e-04	0.99
EPI_ISL_683131	0.000e+00	2.514e-22	6.407e-04	0.99
NODE_0000876	3.716e-06	2.886e-22	6.343e-04	0.98
EPI_ISL_714398	4.385e-05	3.361e-05	6.048e-04	0.94
NODE_0000879	6.007e-07	2.886e-22	6.425e-04	1.00
EPI_ISL_668772	4.325e-05	3.361e-05	6.186e-04	0.96
NODE_0000881	3.332e-07	2.886e-22	6.422e-04	1.00
EPI_ISL_668829	4.292e-05	3.361e-05	6.330e-04	0.98
NODE_0000892	4.685e-06	2.886e-22	6.423e-04	1.00
EPI_ISL_714409	3.823e-05	3.361e-05	6.466e-04	1.00
NODE_0000894	2.153e-06	2.886e-22	6.393e-04	0.99
EPI_ISL_1894917	3.608e-05	3.361e-05	6.657e-04	1.03
NODE_0000895	3.788e-06	2.886e-22	6.437e-04	1.00
EPI_ISL_1869656	3.229e-05	3.361e-05	6.739e-04	1.05
NODE_0000896	2.267e-06	2.886e-22	6.370e-04	0.99
NODE_0000897	4.336e-06	2.886e-22	6.429e-04	1.00
EPI_ISL_683147	1.512e-05	2.528e-22	5.554e-04	0.86
NODE_0000899	1.627e-06	2.886e-22	6.448e-04	1.00
EPI_ISL_668822	1.173e-05	2.516e-22	5.742e-04	0.89
NODE_0000900	3.976e-06	2.886e-22	6.435e-04	1.00
EPI_ISL_815645	7.755e-06	2.519e-22	5.896e-04	0.91
NODE_0000901	2.469e-06	2.886e-22	6.448e-04	1.00
EPI_ISL_683098	0.000e+00	2.524e-22	6.289e-04	0.98
EPI_ISL_683122	5.285e-06	2.528e-22	5.896e-04	0.91
NODE_0000908	-8.993e-07	2.886e-22	5.886e-04	0.91
EPI_ISL_683141	2.036e-05	2.536e-22	6.311e-04	0.98
NODE_0000909	6.708e-06	2.886e-22	6.444e-04	1.00
EPI_ISL_683129	1.365e-05	2.524e-22	6.353e-04	0.99
NODE_0000911	6.254e-06	2.886e-22	6.447e-04	1.00
EPI_ISL_683130	7.394e-06	2.538e-22	6.370e-04	0.99
NODE_0000912	6.560e-06	2.886e-22	6.443e-04	1.00
EPI_ISL_683152	8.347e-07	2.528e-22	6.405e-04	0.99
EPI_ISL_683153	8.347e-07	2.538e-22	6.405e-04	0.99
